"Site","Treatment","Plot_number","Year","Percent_canopy_cover"
"FAB","M1",1,"1",8.6
"FAB","M1",1,"1",9.6
"FAB","M1",1,"1",6.5
"FAB","M1",1,"1",3.9
"FAB","M1",2,"1",0
"FAB","M1",2,"1",0.5
"FAB","M1",2,"1",0
"FAB","M1",2,"1",0
"FAB","M1",3,"1",1.6
"FAB","M1",3,"1",1
"FAB","M1",3,"1",0
"FAB","M1",3,"1",0
"FAB","M1",4,"1",0
"FAB","M1",4,"1",0
"FAB","M1",4,"1",0
"FAB","M1",4,"1",0
"FAB","M1",5,"1",0
"FAB","M1",5,"1",0
"FAB","M1",5,"1",0
"FAB","M1",5,"1",0
"FAB","M1",6,"1",0.5
"FAB","M1",6,"1",0
"FAB","M1",6,"1",0.5
"FAB","M1",6,"1",0
"FAB","M2",1,"1",10.4
"FAB","M2",1,"1",12.5
"FAB","M2",1,"1",7.3
"FAB","M2",1,"1",5.7
"FAB","M2",2,"1",10.4
"FAB","M2",2,"1",12.5
"FAB","M2",2,"1",7.3
"FAB","M2",2,"1",5.7
"FAB","M2",3,"1",0
"FAB","M2",3,"1",0
"FAB","M2",3,"1",0
"FAB","M2",3,"1",0
"FAB","M2",4,"1",0
"FAB","M2",4,"1",0
"FAB","M2",4,"1",0
"FAB","M2",4,"1",0
"FAB","M2",5,"1",0
"FAB","M2",5,"1",0.8
"FAB","M2",5,"1",0
"FAB","M2",5,"1",0
"FAB","M2",6,"1",0
"FAB","M2",6,"1",0
"FAB","M2",6,"1",0
"FAB","M2",6,"1",0
"FAB","2SP",1,"1",10.1
"FAB","2SP",1,"1",4.2
"FAB","2SP",1,"1",4.9
"FAB","2SP",1,"1",6.2
"FAB","2SP",2,"1",1.3
"FAB","2SP",2,"1",2.9
"FAB","2SP",2,"1",1.8
"FAB","2SP",2,"1",1.6
"FAB","2SP",3,"1",0
"FAB","2SP",3,"1",0
"FAB","2SP",3,"1",0
"FAB","2SP",3,"1",0
"FAB","2SP",4,"1",0
"FAB","2SP",4,"1",0
"FAB","2SP",4,"1",0
"FAB","2SP",4,"1",0
"FAB","2SP",5,"1",0
"FAB","2SP",5,"1",0
"FAB","2SP",5,"1",0
"FAB","2SP",5,"1",0
"FAB","2SP",6,"1",0
"FAB","2SP",6,"1",0
"FAB","2SP",6,"1",0
"FAB","2SP",6,"1",0
"FAB","6SP",1,"1",1
"FAB","6SP",1,"1",0.3
"FAB","6SP",1,"1",0.3
"FAB","6SP",1,"1",0.5
"FAB","6SP",2,"1",0
"FAB","6SP",2,"1",0
"FAB","6SP",2,"1",0.3
"FAB","6SP",2,"1",0.3
"FAB","6SP",3,"1",0.3
"FAB","6SP",3,"1",0.3
"FAB","6SP",3,"1",0
"FAB","6SP",3,"1",0.3
"FAB","6SP",4,"1",4.4
"FAB","6SP",4,"1",12
"FAB","6SP",4,"1",1.6
"FAB","6SP",4,"1",0.3
"FAB","6SP",5,"1",0
"FAB","6SP",5,"1",0
"FAB","6SP",5,"1",0
"FAB","6SP",5,"1",0
"FAB","6SP",6,"1",0
"FAB","6SP",6,"1",0
"FAB","6SP",6,"1",0
"FAB","6SP",6,"1",0
"FAB","12SP",1,"1",1.8
"FAB","12SP",1,"1",2.6
"FAB","12SP",1,"1",0.3
"FAB","12SP",1,"1",1.3
"FAB","12SP",2,"1",0
"FAB","12SP",2,"1",0
"FAB","12SP",2,"1",0
"FAB","12SP",2,"1",0
"FAB","12SP",3,"1",0
"FAB","12SP",3,"1",2.9
"FAB","12SP",3,"1",0
"FAB","12SP",3,"1",0
"FAB","12SP",4,"1",0
"FAB","12SP",4,"1",0
"FAB","12SP",4,"1",0
"FAB","12SP",4,"1",0
"FAB","12SP",5,"1",0
"FAB","12SP",5,"1",0
"FAB","12SP",5,"1",0
"FAB","12SP",5,"1",0
"FAB","12SP",6,"1",0
"FAB","12SP",6,"1",0
"FAB","12SP",6,"1",0
"FAB","12SP",6,"1",0
"FAB","M1",1,"2",6.76
"FAB","M1",1,"2",2.86
"FAB","M1",1,"2",11.7
"FAB","M1",1,"2",5.72
"FAB","M1",1,"2",6.24
"FAB","M1",1,"2",7.8
"FAB","M1",2,"2",26.78
"FAB","M1",2,"2",68.38
"FAB","M1",2,"2",61.1
"FAB","M1",2,"2",24.44
"FAB","M1",2,"2",81.64
"FAB","M1",2,"2",51.74
"FAB","M1",3,"2",58.66
"FAB","M1",3,"2",61
"FAB","M1",3,"2",64.64
"FAB","M1",3,"2",81.28
"FAB","M1",3,"2",60.48
"FAB","M1",3,"2",47.48
"FAB","M1",4,"2",9.88
"FAB","M1",4,"2",13.78
"FAB","M1",4,"2",7.54
"FAB","M1",4,"2",3.38
"FAB","M1",4,"2",4.42
"FAB","M1",4,"2",11.44
"FAB","M1",5,"2",14.82
"FAB","M1",5,"2",46.54
"FAB","M1",5,"2",18.46
"FAB","M1",5,"2",35.1
"FAB","M1",5,"2",22.1
"FAB","M1",5,"2",20.54
"FAB","M1",6,"2",16.64
"FAB","M1",6,"2",29.38
"FAB","M1",6,"2",0.78
"FAB","M1",6,"2",7.28
"FAB","M1",6,"2",16.9
"FAB","M1",6,"2",10.92
"FAB","M2",1,"2",12.22
"FAB","M2",1,"2",8.84
"FAB","M2",1,"2",4.42
"FAB","M2",1,"2",4.94
"FAB","M2",1,"2",8.58
"FAB","M2",1,"2",8.32
"FAB","M2",2,"2",0
"FAB","M2",2,"2",1.04
"FAB","M2",2,"2",3.38
"FAB","M2",2,"2",0
"FAB","M2",2,"2",0
"FAB","M2",2,"2",0.52
"FAB","M2",3,"2",0
"FAB","M2",3,"2",0
"FAB","M2",3,"2",0
"FAB","M2",3,"2",0
"FAB","M2",3,"2",0
"FAB","M2",3,"2",0
"FAB","M2",4,"2",0
"FAB","M2",4,"2",0
"FAB","M2",4,"2",0
"FAB","M2",4,"2",0
"FAB","M2",4,"2",0
"FAB","M2",4,"2",0
"FAB","M2",5,"2",11.18
"FAB","M2",5,"2",9.36
"FAB","M2",5,"2",0
"FAB","M2",5,"2",9.36
"FAB","M2",5,"2",3.38
"FAB","M2",5,"2",18.2
"FAB","M2",6,"2",0
"FAB","M2",6,"2",0
"FAB","M2",6,"2",0
"FAB","M2",6,"2",0
"FAB","M2",6,"2",0
"FAB","M2",6,"2",0
"FAB","2SP",1,"2",15.86
"FAB","2SP",1,"2",17.94
"FAB","2SP",1,"2",13
"FAB","2SP",1,"2",21.84
"FAB","2SP",1,"2",19.5
"FAB","2SP",1,"2",18.2
"FAB","2SP",2,"2",3.64
"FAB","2SP",2,"2",0
"FAB","2SP",2,"2",0.52
"FAB","2SP",2,"2",0.52
"FAB","2SP",2,"2",2.34
"FAB","2SP",2,"2",4.16
"FAB","2SP",3,"2",1.04
"FAB","2SP",3,"2",0
"FAB","2SP",3,"2",1.04
"FAB","2SP",3,"2",8.32
"FAB","2SP",3,"2",0
"FAB","2SP",3,"2",7.8
"FAB","2SP",4,"2",0
"FAB","2SP",4,"2",11.18
"FAB","2SP",4,"2",0.78
"FAB","2SP",4,"2",11.44
"FAB","2SP",4,"2",13.26
"FAB","2SP",4,"2",19.24
"FAB","2SP",5,"2",5.46
"FAB","2SP",5,"2",0
"FAB","2SP",5,"2",0
"FAB","2SP",5,"2",0.78
"FAB","2SP",5,"2",0
"FAB","2SP",5,"2",1.56
"FAB","2SP",6,"2",20.8
"FAB","2SP",6,"2",21.06
"FAB","2SP",6,"2",5.72
"FAB","2SP",6,"2",23.66
"FAB","2SP",6,"2",22.36
"FAB","2SP",6,"2",24.7
"FAB","6SP",1,"2",0.78
"FAB","6SP",1,"2",8.06
"FAB","6SP",1,"2",0.26
"FAB","6SP",1,"2",5.2
"FAB","6SP",1,"2",2.6
"FAB","6SP",1,"2",4.42
"FAB","6SP",2,"2",1.56
"FAB","6SP",2,"2",5.98
"FAB","6SP",2,"2",1.3
"FAB","6SP",2,"2",0
"FAB","6SP",2,"2",5.2
"FAB","6SP",2,"2",9.62
"FAB","6SP",3,"2",14.56
"FAB","6SP",3,"2",5.98
"FAB","6SP",3,"2",1.82
"FAB","6SP",3,"2",0.78
"FAB","6SP",3,"2",3.9
"FAB","6SP",3,"2",1.3
"FAB","6SP",4,"2",12.48
"FAB","6SP",4,"2",6.76
"FAB","6SP",4,"2",8.84
"FAB","6SP",4,"2",3.9
"FAB","6SP",4,"2",6.5
"FAB","6SP",4,"2",8.58
"FAB","6SP",5,"2",8.58
"FAB","6SP",5,"2",0
"FAB","6SP",5,"2",0
"FAB","6SP",5,"2",0
"FAB","6SP",5,"2",0
"FAB","6SP",5,"2",0
"FAB","6SP",6,"2",0
"FAB","6SP",6,"2",0.52
"FAB","6SP",6,"2",3.9
"FAB","6SP",6,"2",2.6
"FAB","6SP",6,"2",3.64
"FAB","6SP",6,"2",9.62
"FAB","12SP",1,"2",5.2
"FAB","12SP",1,"2",3.12
"FAB","12SP",1,"2",0.78
"FAB","12SP",1,"2",1.3
"FAB","12SP",1,"2",8.32
"FAB","12SP",1,"2",2.6
"FAB","12SP",2,"2",18.72
"FAB","12SP",2,"2",2.08
"FAB","12SP",2,"2",0.52
"FAB","12SP",2,"2",1.3
"FAB","12SP",2,"2",0.52
"FAB","12SP",2,"2",0
"FAB","12SP",3,"2",1.04
"FAB","12SP",3,"2",0
"FAB","12SP",3,"2",4.94
"FAB","12SP",3,"2",0
"FAB","12SP",3,"2",0
"FAB","12SP",3,"2",0
"FAB","12SP",4,"2",18.46
"FAB","12SP",4,"2",0
"FAB","12SP",4,"2",0
"FAB","12SP",4,"2",27.04
"FAB","12SP",4,"2",0
"FAB","12SP",4,"2",0
"FAB","12SP",5,"2",0
"FAB","12SP",5,"2",0
"FAB","12SP",5,"2",5.2
"FAB","12SP",5,"2",0
"FAB","12SP",5,"2",0
"FAB","12SP",5,"2",0
"FAB","12SP",6,"2",9.62
"FAB","12SP",6,"2",13.52
"FAB","12SP",6,"2",1.82
"FAB","12SP",6,"2",19.76
"FAB","12SP",6,"2",2.08
"FAB","12SP",6,"2",2.08
"FAB","M1",1,"3",39.52
"FAB","M1",1,"3",13
"FAB","M1",1,"3",23.66
"FAB","M1",1,"3",17.16
"FAB","M1",1,"3",28.08
"FAB","M1",1,"3",46.8
"FAB","M1",2,"3",96.2
"FAB","M1",2,"3",96.98
"FAB","M1",2,"3",89.7
"FAB","M1",2,"3",96.72
"FAB","M1",2,"3",95.68
"FAB","M1",2,"3",95.94
"FAB","M1",3,"3",94.12
"FAB","M1",3,"3",90.74
"FAB","M1",3,"3",84.5
"FAB","M1",3,"3",93.6
"FAB","M1",3,"3",93.34
"FAB","M1",3,"3",66.3
"FAB","M1",4,"3",65.78
"FAB","M1",4,"3",40.04
"FAB","M1",4,"3",1.04
"FAB","M1",4,"3",26
"FAB","M1",4,"3",14.04
"FAB","M1",4,"3",31.72
"FAB","M1",5,"3",76.44
"FAB","M1",5,"3",14.04
"FAB","M1",5,"3",1.56
"FAB","M1",5,"3",79.3
"FAB","M1",5,"3",80.08
"FAB","M1",5,"3",43.42
"FAB","M1",6,"3",42.38
"FAB","M1",6,"3",72.28
"FAB","M1",6,"3",48.62
"FAB","M1",6,"3",16.12
"FAB","M1",6,"3",49.4
"FAB","M1",6,"3",25.74
"FAB","M2",1,"3",8.58
"FAB","M2",1,"3",9.62
"FAB","M2",1,"3",24.18
"FAB","M2",1,"3",3.38
"FAB","M2",1,"3",4.94
"FAB","M2",1,"3",3.38
"FAB","M2",2,"3",1.56
"FAB","M2",2,"3",0
"FAB","M2",2,"3",0.78
"FAB","M2",2,"3",0.78
"FAB","M2",2,"3",1.56
"FAB","M2",2,"3",7.28
"FAB","M2",3,"3",8.58
"FAB","M2",3,"3",0
"FAB","M2",3,"3",0
"FAB","M2",3,"3",0.52
"FAB","M2",3,"3",0
"FAB","M2",3,"3",0
"FAB","M2",4,"3",1.04
"FAB","M2",4,"3",0.52
"FAB","M2",4,"3",2.34
"FAB","M2",4,"3",0
"FAB","M2",4,"3",0
"FAB","M2",4,"3",0
"FAB","M2",5,"3",18.72
"FAB","M2",5,"3",24.96
"FAB","M2",5,"3",4.42
"FAB","M2",5,"3",0
"FAB","M2",5,"3",1.04
"FAB","M2",5,"3",1.56
"FAB","M2",6,"3",0
"FAB","M2",6,"3",0
"FAB","M2",6,"3",0
"FAB","M2",6,"3",0
"FAB","M2",6,"3",0
"FAB","M2",6,"3",0
"FAB","2SP",1,"3",95.16
"FAB","2SP",1,"3",95.42
"FAB","2SP",1,"3",96.72
"FAB","2SP",1,"3",94.9
"FAB","2SP",1,"3",94.12
"FAB","2SP",1,"3",96.2
"FAB","2SP",2,"3",0.52
"FAB","2SP",2,"3",2.6
"FAB","2SP",2,"3",9.88
"FAB","2SP",2,"3",1.56
"FAB","2SP",2,"3",8.32
"FAB","2SP",2,"3",2.34
"FAB","2SP",3,"3",0.52
"FAB","2SP",3,"3",0
"FAB","2SP",3,"3",2.34
"FAB","2SP",3,"3",2.6
"FAB","2SP",3,"3",5.72
"FAB","2SP",3,"3",5.2
"FAB","2SP",4,"3",7.54
"FAB","2SP",4,"3",25.48
"FAB","2SP",4,"3",50.7
"FAB","2SP",4,"3",22.88
"FAB","2SP",4,"3",61.62
"FAB","2SP",4,"3",10.66
"FAB","2SP",5,"3",31.72
"FAB","2SP",5,"3",54.34
"FAB","2SP",5,"3",17.42
"FAB","2SP",5,"3",9.1
"FAB","2SP",5,"3",8.58
"FAB","2SP",5,"3",16.9
"FAB","2SP",6,"3",79.3
"FAB","2SP",6,"3",29.9
"FAB","2SP",6,"3",31.98
"FAB","2SP",6,"3",14.3
"FAB","2SP",6,"3",78.52
"FAB","2SP",6,"3",85.8
"FAB","6SP",1,"3",36.92
"FAB","6SP",1,"3",88.66
"FAB","6SP",1,"3",84.5
"FAB","6SP",1,"3",20.54
"FAB","6SP",1,"3",14.04
"FAB","6SP",1,"3",15.08
"FAB","6SP",2,"3",7.8
"FAB","6SP",2,"3",44.46
"FAB","6SP",2,"3",37.7
"FAB","6SP",2,"3",0
"FAB","6SP",2,"3",21.84
"FAB","6SP",2,"3",36.66
"FAB","6SP",3,"3",18.72
"FAB","6SP",3,"3",22.36
"FAB","6SP",3,"3",17.68
"FAB","6SP",3,"3",0
"FAB","6SP",3,"3",1.56
"FAB","6SP",3,"3",42.9
"FAB","6SP",4,"3",7.8
"FAB","6SP",4,"3",43.94
"FAB","6SP",4,"3",37.44
"FAB","6SP",4,"3",7.28
"FAB","6SP",4,"3",51.74
"FAB","6SP",4,"3",13.52
"FAB","6SP",5,"3",31.72
"FAB","6SP",5,"3",54.34
"FAB","6SP",5,"3",17.42
"FAB","6SP",5,"3",9.1
"FAB","6SP",5,"3",8.58
"FAB","6SP",5,"3",16.9
"FAB","6SP",6,"3",27.82
"FAB","6SP",6,"3",1.56
"FAB","6SP",6,"3",59.28
"FAB","6SP",6,"3",0.52
"FAB","6SP",6,"3",17.94
"FAB","6SP",6,"3",30.16
"FAB","12SP",1,"3",28.34
"FAB","12SP",1,"3",14.3
"FAB","12SP",1,"3",10.14
"FAB","12SP",1,"3",0.78
"FAB","12SP",1,"3",1.04
"FAB","12SP",1,"3",1.82
"FAB","12SP",2,"3",8.32
"FAB","12SP",2,"3",36.4
"FAB","12SP",2,"3",45.5
"FAB","12SP",2,"3",10.66
"FAB","12SP",2,"3",6.24
"FAB","12SP",2,"3",1.82
"FAB","12SP",3,"3",0
"FAB","12SP",3,"3",0
"FAB","12SP",3,"3",7.8
"FAB","12SP",3,"3",0
"FAB","12SP",3,"3",0
"FAB","12SP",3,"3",8.58
"FAB","12SP",4,"3",6.76
"FAB","12SP",4,"3",2.34
"FAB","12SP",4,"3",4.94
"FAB","12SP",4,"3",7.8
"FAB","12SP",4,"3",0.78
"FAB","12SP",4,"3",4.68
"FAB","12SP",5,"3",0
"FAB","12SP",5,"3",0.52
"FAB","12SP",5,"3",14.56
"FAB","12SP",5,"3",1.3
"FAB","12SP",5,"3",0.78
"FAB","12SP",5,"3",0
"FAB","12SP",6,"3",20.28
"FAB","12SP",6,"3",14.82
"FAB","12SP",6,"3",18.2
"FAB","12SP",6,"3",12.22
"FAB","12SP",6,"3",5.2
"FAB","12SP",6,"3",9.1
"FCEA","M1",1,"1",0
"FCEA","M1",1,"1",0
"FCEA","M1",1,"1",0
"FCEA","M1",1,"1",0
"FCEA","M1",2,"1",1
"FCEA","M1",2,"1",0
"FCEA","M1",2,"1",0
"FCEA","M1",2,"1",0
"FCEA","M1",3,"1",0
"FCEA","M1",3,"1",0
"FCEA","M1",3,"1",0
"FCEA","M1",3,"1",0
"FCEA","M1",4,"1",0
"FCEA","M1",4,"1",0
"FCEA","M1",4,"1",0
"FCEA","M1",4,"1",0
"FCEA","M1",5,"1",3.1
"FCEA","M1",5,"1",5.5
"FCEA","M1",5,"1",0
"FCEA","M1",5,"1",0
"FCEA","M1",6,"1",0
"FCEA","M1",6,"1",0
"FCEA","M1",6,"1",0
"FCEA","M1",6,"1",0
"FCEA","M2",1,"1",2.9
"FCEA","M2",1,"1",6
"FCEA","M2",1,"1",1.3
"FCEA","M2",1,"1",0.8
"FCEA","M2",2,"1",0
"FCEA","M2",2,"1",0
"FCEA","M2",2,"1",0
"FCEA","M2",2,"1",0
"FCEA","M2",3,"1",1.3
"FCEA","M2",3,"1",0
"FCEA","M2",3,"1",0
"FCEA","M2",3,"1",0
"FCEA","M2",4,"1",3.9
"FCEA","M2",4,"1",6.8
"FCEA","M2",4,"1",0
"FCEA","M2",4,"1",0
"FCEA","M2",5,"1",0
"FCEA","M2",5,"1",0
"FCEA","M2",5,"1",0
"FCEA","M2",5,"1",0
"FCEA","M2",6,"1",0
"FCEA","M2",6,"1",0
"FCEA","M2",6,"1",0
"FCEA","M2",6,"1",0
"FCEA","2SP",1,"1",0
"FCEA","2SP",1,"1",2.3
"FCEA","2SP",1,"1",1
"FCEA","2SP",1,"1",0.3
"FCEA","2SP",2,"1",0
"FCEA","2SP",2,"1",0
"FCEA","2SP",2,"1",0
"FCEA","2SP",2,"1",0
"FCEA","2SP",3,"1",0.3
"FCEA","2SP",3,"1",7.5
"FCEA","2SP",3,"1",4.9
"FCEA","2SP",3,"1",1.6
"FCEA","2SP",4,"1",0
"FCEA","2SP",4,"1",0
"FCEA","2SP",4,"1",0
"FCEA","2SP",4,"1",0
"FCEA","2SP",5,"1",11.7
"FCEA","2SP",5,"1",5.7
"FCEA","2SP",5,"1",0
"FCEA","2SP",5,"1",0
"FCEA","2SP",6,"1",0
"FCEA","2SP",6,"1",0
"FCEA","2SP",6,"1",0
"FCEA","2SP",6,"1",0
"FCEA","6SP",1,"1",1.8
"FCEA","6SP",1,"1",0.3
"FCEA","6SP",1,"1",0
"FCEA","6SP",1,"1",0
"FCEA","6SP",2,"1",0
"FCEA","6SP",2,"1",0
"FCEA","6SP",2,"1",0
"FCEA","6SP",2,"1",0
"FCEA","6SP",3,"1",0
"FCEA","6SP",3,"1",0
"FCEA","6SP",3,"1",1
"FCEA","6SP",3,"1",0
"FCEA","6SP",4,"1",0
"FCEA","6SP",4,"1",0
"FCEA","6SP",4,"1",0
"FCEA","6SP",4,"1",0
"FCEA","6SP",5,"1",1.3
"FCEA","6SP",5,"1",4.4
"FCEA","6SP",5,"1",0
"FCEA","6SP",5,"1",0
"FCEA","6SP",6,"1",0
"FCEA","6SP",6,"1",0
"FCEA","6SP",6,"1",0
"FCEA","6SP",6,"1",0
"FCEA","12SP",1,"1",0
"FCEA","12SP",1,"1",0
"FCEA","12SP",1,"1",0
"FCEA","12SP",1,"1",0
"FCEA","12SP",2,"1",0
"FCEA","12SP",2,"1",0
"FCEA","12SP",2,"1",0.5
"FCEA","12SP",2,"1",0
"FCEA","12SP",3,"1",0
"FCEA","12SP",3,"1",0
"FCEA","12SP",3,"1",0
"FCEA","12SP",3,"1",0
"FCEA","12SP",4,"1",0
"FCEA","12SP",4,"1",4.4
"FCEA","12SP",4,"1",0
"FCEA","12SP",4,"1",0
"FCEA","12SP",5,"1",0
"FCEA","12SP",5,"1",0
"FCEA","12SP",5,"1",0
"FCEA","12SP",5,"1",0
"FCEA","12SP",6,"1",0
"FCEA","12SP",6,"1",0
"FCEA","12SP",6,"1",0
"FCEA","12SP",6,"1",0
"FCEA","M1",1,"2",48.36
"FCEA","M1",1,"2",11.7
"FCEA","M1",1,"2",5.98
"FCEA","M1",1,"2",13
"FCEA","M1",1,"2",23.66
"FCEA","M1",1,"2",11.7
"FCEA","M1",2,"2",50.08
"FCEA","M1",2,"2",45.76
"FCEA","M1",2,"2",11.7
"FCEA","M1",2,"2",51.38
"FCEA","M1",2,"2",28.34
"FCEA","M1",2,"2",58.14
"FCEA","M1",3,"2",28.6
"FCEA","M1",3,"2",42.38
"FCEA","M1",3,"2",28.08
"FCEA","M1",3,"2",30.42
"FCEA","M1",3,"2",11.7
"FCEA","M1",3,"2",15.6
"FCEA","M1",4,"2",92.2
"FCEA","M1",4,"2",80.76
"FCEA","M1",4,"2",56.32
"FCEA","M1",4,"2",95.58
"FCEA","M1",4,"2",96.88
"FCEA","M1",4,"2",79.56
"FCEA","M1",5,"2",13.78
"FCEA","M1",5,"2",3.38
"FCEA","M1",5,"2",5.46
"FCEA","M1",5,"2",17.16
"FCEA","M1",5,"2",1.3
"FCEA","M1",5,"2",8.84
"FCEA","M1",6,"2",54.24
"FCEA","M1",6,"2",87
"FCEA","M1",6,"2",94.28
"FCEA","M1",6,"2",83.88
"FCEA","M1",6,"2",92.2
"FCEA","M1",6,"2",94.54
"FCEA","M2",1,"2",12.38
"FCEA","M2",1,"2",96.46
"FCEA","M2",1,"2",99.84
"FCEA","M2",1,"2",96.2
"FCEA","M2",1,"2",80.86
"FCEA","M2",1,"2",84.5
"FCEA","M2",2,"2",5.46
"FCEA","M2",2,"2",2.08
"FCEA","M2",2,"2",3.38
"FCEA","M2",2,"2",12.74
"FCEA","M2",2,"2",9.1
"FCEA","M2",2,"2",8.06
"FCEA","M2",3,"2",5.46
"FCEA","M2",3,"2",3.64
"FCEA","M2",3,"2",1.56
"FCEA","M2",3,"2",5.98
"FCEA","M2",3,"2",1.82
"FCEA","M2",3,"2",1.3
"FCEA","M2",4,"2",9.36
"FCEA","M2",4,"2",4.68
"FCEA","M2",4,"2",5.46
"FCEA","M2",4,"2",3.9
"FCEA","M2",4,"2",5.2
"FCEA","M2",4,"2",4.94
"FCEA","M2",5,"2",0
"FCEA","M2",5,"2",0
"FCEA","M2",5,"2",0
"FCEA","M2",5,"2",0
"FCEA","M2",5,"2",0
"FCEA","M2",5,"2",0
"FCEA","M2",6,"2",4.16
"FCEA","M2",6,"2",3.9
"FCEA","M2",6,"2",0.78
"FCEA","M2",6,"2",0.52
"FCEA","M2",6,"2",3.38
"FCEA","M2",6,"2",0.78
"FCEA","2SP",1,"2",43.58
"FCEA","2SP",1,"2",15.5
"FCEA","2SP",1,"2",10.66
"FCEA","2SP",1,"2",11.18
"FCEA","2SP",1,"2",8.58
"FCEA","2SP",1,"2",11.96
"FCEA","2SP",2,"2",33.02
"FCEA","2SP",2,"2",5.46
"FCEA","2SP",2,"2",2.86
"FCEA","2SP",2,"2",8.32
"FCEA","2SP",2,"2",4.68
"FCEA","2SP",2,"2",6.24
"FCEA","2SP",3,"2",7.02
"FCEA","2SP",3,"2",2.08
"FCEA","2SP",3,"2",3.12
"FCEA","2SP",3,"2",7.02
"FCEA","2SP",3,"2",1.56
"FCEA","2SP",3,"2",4.94
"FCEA","2SP",4,"2",10.14
"FCEA","2SP",4,"2",28.76
"FCEA","2SP",4,"2",54.86
"FCEA","2SP",4,"2",12.74
"FCEA","2SP",4,"2",29.9
"FCEA","2SP",4,"2",13
"FCEA","2SP",5,"2",2.6
"FCEA","2SP",5,"2",37.96
"FCEA","2SP",5,"2",12.22
"FCEA","2SP",5,"2",7.28
"FCEA","2SP",5,"2",19.76
"FCEA","2SP",5,"2",11.18
"FCEA","2SP",6,"2",5.72
"FCEA","2SP",6,"2",7.28
"FCEA","2SP",6,"2",7.28
"FCEA","2SP",6,"2",12.48
"FCEA","2SP",6,"2",13.26
"FCEA","2SP",6,"2",0
"FCEA","6SP",1,"2",42.8
"FCEA","6SP",1,"2",28.86
"FCEA","6SP",1,"2",87.36
"FCEA","6SP",1,"2",52.52
"FCEA","6SP",1,"2",49.92
"FCEA","6SP",1,"2",60.84
"FCEA","6SP",2,"2",5.2
"FCEA","6SP",2,"2",5.46
"FCEA","6SP",2,"2",0.26
"FCEA","6SP",2,"2",3.38
"FCEA","6SP",2,"2",0.52
"FCEA","6SP",2,"2",3.38
"FCEA","6SP",3,"2",59.28
"FCEA","6SP",3,"2",45.24
"FCEA","6SP",3,"2",15.34
"FCEA","6SP",3,"2",24.7
"FCEA","6SP",3,"2",17.94
"FCEA","6SP",3,"2",70.98
"FCEA","6SP",4,"2",4.94
"FCEA","6SP",4,"2",1.04
"FCEA","6SP",4,"2",31.98
"FCEA","6SP",4,"2",2.08
"FCEA","6SP",4,"2",2.08
"FCEA","6SP",4,"2",17.68
"FCEA","6SP",5,"2",3.9
"FCEA","6SP",5,"2",1.04
"FCEA","6SP",5,"2",0
"FCEA","6SP",5,"2",0
"FCEA","6SP",5,"2",0.78
"FCEA","6SP",5,"2",3.12
"FCEA","6SP",6,"2",6.76
"FCEA","6SP",6,"2",0
"FCEA","6SP",6,"2",0
"FCEA","6SP",6,"2",0.78
"FCEA","6SP",6,"2",0
"FCEA","6SP",6,"2",0.78
"FCEA","12SP",1,"2",0
"FCEA","12SP",1,"2",4.16
"FCEA","12SP",1,"2",33.8
"FCEA","12SP",1,"2",22.1
"FCEA","12SP",1,"2",11.7
"FCEA","12SP",1,"2",14.3
"FCEA","12SP",2,"2",45.4
"FCEA","12SP",2,"2",16.9
"FCEA","12SP",2,"2",4.68
"FCEA","12SP",2,"2",17.42
"FCEA","12SP",2,"2",4.94
"FCEA","12SP",2,"2",7.54
"FCEA","12SP",3,"2",14.04
"FCEA","12SP",3,"2",5.46
"FCEA","12SP",3,"2",2.86
"FCEA","12SP",3,"2",15.34
"FCEA","12SP",3,"2",2.6
"FCEA","12SP",3,"2",2.6
"FCEA","12SP",4,"2",12.22
"FCEA","12SP",4,"2",1.56
"FCEA","12SP",4,"2",2.34
"FCEA","12SP",4,"2",4.42
"FCEA","12SP",4,"2",1.3
"FCEA","12SP",4,"2",0
"FCEA","12SP",5,"2",0.78
"FCEA","12SP",5,"2",0.26
"FCEA","12SP",5,"2",10.66
"FCEA","12SP",5,"2",17.68
"FCEA","12SP",5,"2",0.52
"FCEA","12SP",5,"2",2.08
"FCEA","12SP",6,"2",2.08
"FCEA","12SP",6,"2",1.3
"FCEA","12SP",6,"2",0
"FCEA","12SP",6,"2",2.34
"FCEA","12SP",6,"2",1.04
"FCEA","12SP",6,"2",1.56
"FCEA","M1",1,"3",84.4
"FCEA","M1",1,"3",77.38
"FCEA","M1",1,"3",91.94
"FCEA","M1",1,"3",97.24
"FCEA","M1",1,"3",30.84
"FCEA","M1",1,"3",22.78
"FCEA","M1",2,"3",75.04
"FCEA","M1",2,"3",79.2
"FCEA","M1",2,"3",68.54
"FCEA","M1",2,"3",77.9
"FCEA","M1",2,"3",80.24
"FCEA","M1",2,"3",63.08
"FCEA","M1",3,"3",32.92
"FCEA","M1",3,"3",55.54
"FCEA","M1",3,"3",26.16
"FCEA","M1",3,"3",56.84
"FCEA","M1",3,"3",28.76
"FCEA","M1",3,"3",29.28
"FCEA","M1",4,"3",80.5
"FCEA","M1",4,"3",84.92
"FCEA","M1",4,"3",87.52
"FCEA","M1",4,"3",77.38
"FCEA","M1",4,"3",85.96
"FCEA","M1",4,"3",83.62
"FCEA","M1",5,"3",94.38
"FCEA","M1",5,"3",93.6
"FCEA","M1",5,"3",92.82
"FCEA","M1",5,"3",94.64
"FCEA","M1",5,"3",96.98
"FCEA","M1",5,"3",89.96
"FCEA","M1",6,"3",95.84
"FCEA","M1",6,"3",95.06
"FCEA","M1",6,"3",95.32
"FCEA","M1",6,"3",93.76
"FCEA","M1",6,"3",95.84
"FCEA","M1",6,"3",95.58
"FCEA","M2",1,"3",54.24
"FCEA","M2",1,"3",57.1
"FCEA","M2",1,"3",57.36
"FCEA","M2",1,"3",63.6
"FCEA","M2",1,"3",52.94
"FCEA","M2",1,"3",56.58
"FCEA","M2",2,"3",11.08
"FCEA","M2",2,"3",17.58
"FCEA","M2",2,"3",82.32
"FCEA","M2",2,"3",61
"FCEA","M2",2,"3",5.09999999999999
"FCEA","M2",2,"3",30.32
"FCEA","M2",3,"3",38.12
"FCEA","M2",3,"3",19.92
"FCEA","M2",3,"3",19.66
"FCEA","M2",3,"3",27.46
"FCEA","M2",3,"3",35
"FCEA","M2",3,"3",13.42
"FCEA","M2",4,"3",6.14
"FCEA","M2",4,"3",11.6
"FCEA","M2",4,"3",11.86
"FCEA","M2",4,"3",38.12
"FCEA","M2",4,"3",2.5
"FCEA","M2",4,"3",3.8
"FCEA","M2",5,"3",1.45999999999999
"FCEA","M2",5,"3",0.679999999999993
"FCEA","M2",5,"3",2.23999999999999
"FCEA","M2",5,"3",1.2
"FCEA","M2",5,"3",2.75999999999999
"FCEA","M2",5,"3",0.159999999999997
"FCEA","M2",6,"3",12.38
"FCEA","M2",6,"3",4.58
"FCEA","M2",6,"3",10.82
"FCEA","M2",6,"3",2.75999999999999
"FCEA","M2",6,"3",4.84
"FCEA","M2",6,"3",4.06
"FCEA","2SP",1,"3",38.12
"FCEA","2SP",1,"3",84.66
"FCEA","2SP",1,"3",91.94
"FCEA","2SP",1,"3",52.68
"FCEA","2SP",1,"3",57.36
"FCEA","2SP",1,"3",82.32
"FCEA","2SP",2,"3",20.44
"FCEA","2SP",2,"3",24.6
"FCEA","2SP",2,"3",64.64
"FCEA","2SP",2,"3",36.56
"FCEA","2SP",2,"3",16.54
"FCEA","2SP",2,"3",32.92
"FCEA","2SP",3,"3",39.68
"FCEA","2SP",3,"3",36.8
"FCEA","2SP",3,"3",25.5
"FCEA","2SP",3,"3",18.5
"FCEA","2SP",3,"3",10.5
"FCEA","2SP",3,"3",16.8
"FCEA","2SP",4,"3",25.38
"FCEA","2SP",4,"3",27.72
"FCEA","2SP",4,"3",50.86
"FCEA","2SP",4,"3",60.48
"FCEA","2SP",4,"3",29.02
"FCEA","2SP",4,"3",36.04
"FCEA","2SP",5,"3",18.1
"FCEA","2SP",5,"3",7.7
"FCEA","2SP",5,"3",8.47999999999999
"FCEA","2SP",5,"3",17.32
"FCEA","2SP",5,"3",9.78
"FCEA","2SP",5,"3",10.82
"FCEA","2SP",6,"3",79.2
"FCEA","2SP",6,"3",39.16
"FCEA","2SP",6,"3",1.97999999999999
"FCEA","2SP",6,"3",29.8
"FCEA","2SP",6,"3",85.7
"FCEA","2SP",6,"3",94.02
"FCEA","6SP",1,"3",85.96
"FCEA","6SP",1,"3",85.7
"FCEA","6SP",1,"3",92.72
"FCEA","6SP",1,"3",81.28
"FCEA","6SP",1,"3",90.64
"FCEA","6SP",1,"3",91.16
"FCEA","6SP",2,"3",20.44
"FCEA","6SP",2,"3",32.92
"FCEA","6SP",2,"3",53.72
"FCEA","6SP",2,"3",7.7
"FCEA","6SP",2,"3",9.78
"FCEA","6SP",2,"3",1.72
"FCEA","6SP",3,"3",67.24
"FCEA","6SP",3,"3",82.84
"FCEA","6SP",3,"3",65.68
"FCEA","6SP",3,"3",76.86
"FCEA","6SP",3,"3",80.24
"FCEA","6SP",3,"3",68.54
"FCEA","6SP",4,"3",6.39999999999999
"FCEA","6SP",4,"3",6.66
"FCEA","6SP",4,"3",84
"FCEA","6SP",4,"3",6.14
"FCEA","6SP",4,"3",12.12
"FCEA","6SP",4,"3",41.5
"FCEA","6SP",5,"3",6.66
"FCEA","6SP",5,"3",10.56
"FCEA","6SP",5,"3",36.56
"FCEA","6SP",5,"3",1.45999999999999
"FCEA","6SP",5,"3",4.84
"FCEA","6SP",5,"3",9.52
"FCEA","6SP",6,"3",26.68
"FCEA","6SP",6,"3",4.84
"FCEA","6SP",6,"3",0.939999999999998
"FCEA","6SP",6,"3",1.97999999999999
"FCEA","6SP",6,"3",3.53999999999999
"FCEA","6SP",6,"3",22.52
"FCEA","12SP",1,"3",73.74
"FCEA","12SP",1,"3",26.16
"FCEA","12SP",1,"3",89.08
"FCEA","12SP",1,"3",61.52
"FCEA","12SP",1,"3",84.4
"FCEA","12SP",1,"3",52.68
"FCEA","12SP",2,"3",70.62
"FCEA","12SP",2,"3",59.7
"FCEA","12SP",2,"3",38.38
"FCEA","12SP",2,"3",70.36
"FCEA","12SP",2,"3",14.72
"FCEA","12SP",2,"3",14.98
"FCEA","12SP",3,"3",31.1
"FCEA","12SP",3,"3",22.52
"FCEA","12SP",3,"3",38.12
"FCEA","12SP",3,"3",14.98
"FCEA","12SP",3,"3",3.8
"FCEA","12SP",3,"3",13.94
"FCEA","12SP",4,"3",13.94
"FCEA","12SP",4,"3",14.72
"FCEA","12SP",4,"3",7.7
"FCEA","12SP",4,"3",2.5
"FCEA","12SP",4,"3",31.1
"FCEA","12SP",4,"3",6.92
"FCEA","12SP",5,"3",7.44
"FCEA","12SP",5,"3",5.36
"FCEA","12SP",5,"3",17.06
"FCEA","12SP",5,"3",16.28
"FCEA","12SP",5,"3",1.72
"FCEA","12SP",5,"3",4.58
"FCEA","12SP",6,"3",22.52
"FCEA","12SP",6,"3",2.75999999999999
"FCEA","12SP",6,"3",4.06
"FCEA","12SP",6,"3",31.1
"FCEA","12SP",6,"3",3.02
"FCEA","12SP",6,"3",0.679999999999993
"LLFS","M1",1,"2",8.1
"LLFS","M1",1,"2",3.9
"LLFS","M1",1,"2",1.3
"LLFS","M1",1,"2",19
"LLFS","M1",2,"2",2.1
"LLFS","M1",2,"2",5.7
"LLFS","M1",2,"2",6.2
"LLFS","M1",2,"2",0
"LLFS","M1",3,"2",17.9
"LLFS","M1",3,"2",71.2
"LLFS","M1",3,"2",37.4
"LLFS","M1",3,"2",23.1
"LLFS","M1",4,"2",16.9
"LLFS","M1",4,"2",20.8
"LLFS","M1",4,"2",9.4
"LLFS","M1",4,"2",10.4
"LLFS","M1",5,"2",1.3
"LLFS","M1",5,"2",3.6
"LLFS","M1",5,"2",9.9
"LLFS","M1",5,"2",1
"LLFS","M1",6,"2",0
"LLFS","M1",6,"2",0
"LLFS","M1",6,"2",0.8
"LLFS","M1",6,"2",0
"LLFS","M2",1,"2",6.8
"LLFS","M2",1,"2",1.8
"LLFS","M2",1,"2",0.8
"LLFS","M2",1,"2",9.9
"LLFS","M2",2,"2",0
"LLFS","M2",2,"2",0
"LLFS","M2",2,"2",0
"LLFS","M2",2,"2",0
"LLFS","M2",3,"2",0
"LLFS","M2",3,"2",0
"LLFS","M2",3,"2",0
"LLFS","M2",3,"2",0
"LLFS","M2",4,"2",2.6
"LLFS","M2",4,"2",7.5
"LLFS","M2",4,"2",0
"LLFS","M2",4,"2",0
"LLFS","M2",5,"2",0
"LLFS","M2",5,"2",0
"LLFS","M2",5,"2",0
"LLFS","M2",5,"2",0
"LLFS","M2",6,"2",3.9
"LLFS","M2",6,"2",0
"LLFS","M2",6,"2",0
"LLFS","M2",6,"2",3.4
"LLFS","2SP",1,"2",6
"LLFS","2SP",1,"2",1.3
"LLFS","2SP",1,"2",2.6
"LLFS","2SP",1,"2",5.2
"LLFS","2SP",2,"2",0.3
"LLFS","2SP",2,"2",0
"LLFS","2SP",2,"2",0
"LLFS","2SP",2,"2",0
"LLFS","2SP",3,"2",10.9
"LLFS","2SP",3,"2",2.6
"LLFS","2SP",3,"2",0
"LLFS","2SP",3,"2",1.6
"LLFS","2SP",4,"2",1.3
"LLFS","2SP",4,"2",1.8
"LLFS","2SP",4,"2",2.3
"LLFS","2SP",4,"2",0.8
"LLFS","2SP",5,"2",0
"LLFS","2SP",5,"2",5.2
"LLFS","2SP",5,"2",13.8
"LLFS","2SP",5,"2",0
"LLFS","2SP",6,"2",1
"LLFS","2SP",6,"2",0
"LLFS","2SP",6,"2",1.6
"LLFS","2SP",6,"2",0.3
"LLFS","6SP",1,"2",2.6
"LLFS","6SP",1,"2",1.3
"LLFS","6SP",1,"2",0
"LLFS","6SP",1,"2",2.1
"LLFS","6SP",2,"2",5.5
"LLFS","6SP",2,"2",7.3
"LLFS","6SP",2,"2",1.6
"LLFS","6SP",2,"2",0.8
"LLFS","6SP",3,"2",6
"LLFS","6SP",3,"2",0
"LLFS","6SP",3,"2",0
"LLFS","6SP",3,"2",0
"LLFS","6SP",4,"2",2.3
"LLFS","6SP",4,"2",1.8
"LLFS","6SP",4,"2",0
"LLFS","6SP",4,"2",1.3
"LLFS","6SP",5,"2",7
"LLFS","6SP",5,"2",2.6
"LLFS","6SP",5,"2",0.5
"LLFS","6SP",5,"2",1
"LLFS","6SP",6,"2",9.6
"LLFS","6SP",6,"2",14.6
"LLFS","6SP",6,"2",12.2
"LLFS","6SP",6,"2",8.3
"LLFS","12SP",1,"2",11.7
"LLFS","12SP",1,"2",0.8
"LLFS","12SP",1,"2",0.8
"LLFS","12SP",1,"2",0
"LLFS","12SP",2,"2",0
"LLFS","12SP",2,"2",1
"LLFS","12SP",2,"2",0
"LLFS","12SP",2,"2",0
"LLFS","12SP",3,"2",8.6
"LLFS","12SP",3,"2",0
"LLFS","12SP",3,"2",24.4
"LLFS","12SP",3,"2",0
"LLFS","12SP",4,"2",5.5
"LLFS","12SP",4,"2",17.2
"LLFS","12SP",4,"2",3.1
"LLFS","12SP",4,"2",38.7
"LLFS","12SP",5,"2",5.7
"LLFS","12SP",5,"2",3.9
"LLFS","12SP",5,"2",0
"LLFS","12SP",5,"2",0
"LLFS","12SP",6,"2",14.8
"LLFS","12SP",6,"2",6.8
"LLFS","12SP",6,"2",1.3
"LLFS","12SP",6,"2",7.8
"LLFS","M1",1,"3",85.96
"LLFS","M1",1,"3",94.28
"LLFS","M1",1,"3",97.14
"LLFS","M1",1,"3",88.82
"LLFS","M1",1,"3",95.84
"LLFS","M1",1,"3",95.32
"LLFS","M1",2,"3",96.1
"LLFS","M1",2,"3",97.4
"LLFS","M1",2,"3",98.44
"LLFS","M1",2,"3",94.8
"LLFS","M1",2,"3",98.44
"LLFS","M1",2,"3",97.92
"LLFS","M1",3,"3",96.88
"LLFS","M1",3,"3",95.06
"LLFS","M1",3,"3",93.76
"LLFS","M1",3,"3",90.9
"LLFS","M1",3,"3",92.98
"LLFS","M1",3,"3",95.84
"LLFS","M1",4,"3",96.36
"LLFS","M1",4,"3",95.84
"LLFS","M1",4,"3",95.06
"LLFS","M1",4,"3",95.06
"LLFS","M1",4,"3",96.36
"LLFS","M1",4,"3",97.66
"LLFS","M1",5,"3",93.5
"LLFS","M1",5,"3",95.84
"LLFS","M1",5,"3",96.1
"LLFS","M1",5,"3",95.06
"LLFS","M1",5,"3",96.36
"LLFS","M1",5,"3",97.4
"LLFS","M1",6,"3",55.54
"LLFS","M1",6,"3",57.36
"LLFS","M1",6,"3",89.86
"LLFS","M1",6,"3",33.7
"LLFS","M1",6,"3",86.22
"LLFS","M1",6,"3",86.22
"LLFS","M2",1,"3",4.58
"LLFS","M2",1,"3",4.84
"LLFS","M2",1,"3",3.8
"LLFS","M2",1,"3",20.44
"LLFS","M2",1,"3",6.39999999999999
"LLFS","M2",1,"3",4.06
"LLFS","M2",2,"3",3.28
"LLFS","M2",2,"3",16.54
"LLFS","M2",2,"3",2.23999999999999
"LLFS","M2",2,"3",1.2
"LLFS","M2",2,"3",10.04
"LLFS","M2",2,"3",1.2
"LLFS","M2",3,"3",0
"LLFS","M2",3,"3",10.92
"LLFS","M2",3,"3",1.56
"LLFS","M2",3,"3",0
"LLFS","M2",3,"3",5.72
"LLFS","M2",3,"3",2.6
"LLFS","M2",4,"3",5.2
"LLFS","M2",4,"3",0
"LLFS","M2",4,"3",0
"LLFS","M2",4,"3",0
"LLFS","M2",4,"3",12.48
"LLFS","M2",4,"3",2.34
"LLFS","M2",5,"3",21.84
"LLFS","M2",5,"3",8.84
"LLFS","M2",5,"3",16.38
"LLFS","M2",5,"3",2.86
"LLFS","M2",5,"3",47.84
"LLFS","M2",5,"3",41.08
"LLFS","M2",6,"3",33.44
"LLFS","M2",6,"3",13.94
"LLFS","M2",6,"3",2.23999999999999
"LLFS","M2",6,"3",27.46
"LLFS","M2",6,"3",15.76
"LLFS","M2",6,"3",15.24
"LLFS","2SP",1,"3",87.26
"LLFS","2SP",1,"3",94.54
"LLFS","2SP",1,"3",84.4
"LLFS","2SP",1,"3",48
"LLFS","2SP",1,"3",68.28
"LLFS","2SP",1,"3",92.46
"LLFS","2SP",2,"3",83.88
"LLFS","2SP",2,"3",95.32
"LLFS","2SP",2,"3",97.4
"LLFS","2SP",2,"3",79.98
"LLFS","2SP",2,"3",94.54
"LLFS","2SP",2,"3",96.36
"LLFS","2SP",3,"3",85.96
"LLFS","2SP",3,"3",29.28
"LLFS","2SP",3,"3",71.4
"LLFS","2SP",3,"3",95.84
"LLFS","2SP",3,"3",84.14
"LLFS","2SP",3,"3",78.16
"LLFS","2SP",4,"3",95.58
"LLFS","2SP",4,"3",90.38
"LLFS","2SP",4,"3",94.28
"LLFS","2SP",4,"3",97.14
"LLFS","2SP",4,"3",93.5
"LLFS","2SP",4,"3",92.98
"LLFS","2SP",5,"3",1.45999999999999
"LLFS","2SP",5,"3",1.97999999999999
"LLFS","2SP",5,"3",0.939999999999998
"LLFS","2SP",5,"3",0.159999999999997
"LLFS","2SP",5,"3",0.159999999999997
"LLFS","2SP",5,"3",0.159999999999997
"LLFS","2SP",6,"3",66.72
"LLFS","2SP",6,"3",88.04
"LLFS","2SP",6,"3",86.22
"LLFS","2SP",6,"3",40.2
"LLFS","2SP",6,"3",59.18
"LLFS","2SP",6,"3",74.26
"LLFS","6SP",1,"3",61.52
"LLFS","6SP",1,"3",90.38
"LLFS","6SP",1,"3",95.58
"LLFS","6SP",1,"3",39.42
"LLFS","6SP",1,"3",84.92
"LLFS","6SP",1,"3",90.9
"LLFS","6SP",2,"3",93.24
"LLFS","6SP",2,"3",88.56
"LLFS","6SP",2,"3",82.84
"LLFS","6SP",2,"3",91.42
"LLFS","6SP",2,"3",70.88
"LLFS","6SP",2,"3",88.56
"LLFS","6SP",3,"3",76.86
"LLFS","6SP",3,"3",87.52
"LLFS","6SP",3,"3",97.4
"LLFS","6SP",3,"3",91.16
"LLFS","6SP",3,"3",96.1
"LLFS","6SP",3,"3",88.04
"LLFS","6SP",4,"3",87.78
"LLFS","6SP",4,"3",95.06
"LLFS","6SP",4,"3",86.74
"LLFS","6SP",4,"3",89.86
"LLFS","6SP",4,"3",82.58
"LLFS","6SP",4,"3",86.22
"LLFS","6SP",5,"3",57.88
"LLFS","6SP",5,"3",51.12
"LLFS","6SP",5,"3",17.32
"LLFS","6SP",5,"3",26.94
"LLFS","6SP",5,"3",58.92
"LLFS","6SP",5,"3",39.16
"LLFS","6SP",6,"3",39.42
"LLFS","6SP",6,"3",49.56
"LLFS","6SP",6,"3",36.56
"LLFS","6SP",6,"3",42.54
"LLFS","6SP",6,"3",50.6
"LLFS","6SP",6,"3",63.34
"LLFS","12SP",1,"3",39.94
"LLFS","12SP",1,"3",71.14
"LLFS","12SP",1,"3",23.04
"LLFS","12SP",1,"3",19.66
"LLFS","12SP",1,"3",42.8
"LLFS","12SP",1,"3",42.8
"LLFS","12SP",2,"3",35.26
"LLFS","12SP",2,"3",15.24
"LLFS","12SP",2,"3",44.88
"LLFS","12SP",2,"3",30.06
"LLFS","12SP",2,"3",28.24
"LLFS","12SP",2,"3",6.92
"LLFS","12SP",3,"3",97.14
"LLFS","12SP",3,"3",24.44
"LLFS","12SP",3,"3",88.04
"LLFS","12SP",3,"3",9.36
"LLFS","12SP",3,"3",94.54
"LLFS","12SP",3,"3",33.44
"LLFS","12SP",4,"3",41.6
"LLFS","12SP",4,"3",25.48
"LLFS","12SP",4,"3",7.02
"LLFS","12SP",4,"3",53.04
"LLFS","12SP",4,"3",22.88
"LLFS","12SP",4,"3",14.82
"LLFS","12SP",5,"3",25.64
"LLFS","12SP",5,"3",2.23999999999999
"LLFS","12SP",5,"3",3.28
"LLFS","12SP",5,"3",8.73999999999999
"LLFS","12SP",5,"3",13.16
"LLFS","12SP",5,"3",10.56
"LLFS","12SP",6,"3",48
"LLFS","12SP",6,"3",22.26
"LLFS","12SP",6,"3",46.18
"LLFS","12SP",6,"3",17.58
"LLFS","12SP",6,"3",18.62
"LLFS","12SP",6,"3",22.52
"GAM","M1",1,"3",68.2291666666667
"GAM","M1",1,"3",82.5520833333333
"GAM","M1",1,"3",45.3125
"GAM","M1",1,"3",77.0833333333333
"GAM","M1",1,"3",62.2395833333333
"GAM","M1",2,"3",64.3229166666667
"GAM","M1",2,"3",22.3958333333333
"GAM","M1",2,"3",17.4479166666667
"GAM","M1",2,"3",35.6770833333333
"GAM","M1",2,"3",1.82291666666667
"GAM","M1",3,"3",77.6041666666667
"GAM","M1",3,"3",20.3125
"GAM","M1",3,"3",29.4270833333333
"GAM","M1",3,"3",0
"GAM","M1",3,"3",59.8958333333333
"GAM","M1",4,"3",93.4895833333333
"GAM","M1",4,"3",93.4895833333333
"GAM","M1",4,"3",94.2708333333333
"GAM","M1",4,"3",81.5104166666667
"GAM","M1",4,"3",83.8541666666667
"GAM","M1",5,"3",89.84375
"GAM","M1",5,"3",57.8125
"GAM","M1",5,"3",36.4583333333333
"GAM","M1",5,"3",21.875
"GAM","M1",5,"3",57.8125
"GAM","M1",6,"3",91.40625
"GAM","M1",6,"3",94.53125
"GAM","M1",6,"3",94.53125
"GAM","M1",6,"3",92.7083333333333
"GAM","M1",6,"3",94.53125
"GAM","M2",1,"3",0
"GAM","M2",1,"3",3.64583333333333
"GAM","M2",1,"3",4.6875
"GAM","M2",1,"3",2.86458333333333
"GAM","M2",1,"3",39.3229166666667
"GAM","M2",2,"3",28.125
"GAM","M2",2,"3",40.625
"GAM","M2",2,"3",6.77083333333333
"GAM","M2",2,"3",0.78125
"GAM","M2",2,"3",17.7083333333333
"GAM","M2",3,"3",3.64583333333333
"GAM","M2",3,"3",0
"GAM","M2",3,"3",5.20833333333333
"GAM","M2",3,"3",0
"GAM","M2",3,"3",0
"GAM","M2",4,"3",2.34375
"GAM","M2",4,"3",16.9270833333333
"GAM","M2",4,"3",0.520833333333333
"GAM","M2",4,"3",0
"GAM","M2",4,"3",1.82291666666667
"GAM","M2",5,"3",0.78125
"GAM","M2",5,"3",0
"GAM","M2",5,"3",10.4166666666667
"GAM","M2",5,"3",0
"GAM","M2",5,"3",1.30208333333333
"GAM","2SP",1,"3",54.1666666666667
"GAM","2SP",1,"3",65.625
"GAM","2SP",1,"3",33.3333333333333
"GAM","2SP",1,"3",18.4895833333333
"GAM","2SP",1,"3",66.6666666666667
"GAM","2SP",2,"3",14.84375
"GAM","2SP",2,"3",2.86458333333333
"GAM","2SP",2,"3",4.94791666666667
"GAM","2SP",2,"3",7.29166666666667
"GAM","2SP",2,"3",17.96875
"GAM","2SP",3,"3",6.77083333333333
"GAM","2SP",3,"3",0.520833333333333
"GAM","2SP",3,"3",12.5
"GAM","2SP",3,"3",3.125
"GAM","2SP",3,"3",2.60416666666667
"GAM","2SP",4,"3",33.3333333333333
"GAM","2SP",4,"3",86.4583333333333
"GAM","2SP",4,"3",27.8645833333333
"GAM","2SP",4,"3",46.3541666666667
"GAM","2SP",4,"3",50.5208333333333
"GAM","2SP",5,"3",5.46875
"GAM","2SP",5,"3",4.6875
"GAM","2SP",5,"3",4.42708333333333
"GAM","2SP",5,"3",16.6666666666667
"GAM","2SP",5,"3",4.16666666666667
"GAM","2SP",6,"3",17.7083333333333
"GAM","2SP",6,"3",69.2708333333333
"GAM","2SP",6,"3",24.4791666666667
"GAM","2SP",6,"3",62.5
"GAM","2SP",6,"3",52.6041666666667
"GAM","6SP",1,"3",1.04166666666667
"GAM","6SP",1,"3",22.9166666666667
"GAM","6SP",1,"3",38.0208333333333
"GAM","6SP",1,"3",75.5208333333333
"GAM","6SP",1,"3",58.3333333333333
"GAM","6SP",2,"3",5.46875
"GAM","6SP",2,"3",6.51041666666667
"GAM","6SP",2,"3",0
"GAM","6SP",2,"3",0
"GAM","6SP",2,"3",3.125
"GAM","6SP",3,"3",2.34375
"GAM","6SP",3,"3",18.4895833333333
"GAM","6SP",3,"3",0.260416666666667
"GAM","6SP",3,"3",29.1666666666667
"GAM","6SP",3,"3",41.1458333333333
"GAM","6SP",4,"3",9.375
"GAM","6SP",4,"3",41.1458333333333
"GAM","6SP",4,"3",10.9375
"GAM","6SP",4,"3",30.9895833333333
"GAM","6SP",4,"3",50
"GAM","6SP",5,"3",0
"GAM","6SP",5,"3",45.3125
"GAM","6SP",5,"3",1.5625
"GAM","6SP",5,"3",36.9791666666667
"GAM","6SP",5,"3",15.3645833333333
"GAM","6SP",5,"3",16.1458333333333
"GAM","6SP",6,"3",24.4791666666667
"GAM","6SP",6,"3",9.375
"GAM","6SP",6,"3",26.5625
"GAM","6SP",6,"3",7.29166666666667
"GAM","12SP",1,"3",10.9375
"GAM","12SP",1,"3",20.8333333333333
"GAM","12SP",1,"3",16.1458333333333
"GAM","12SP",1,"3",0
"GAM","12SP",1,"3",1.04166666666667
"GAM","12SP",2,"3",11.71875
"GAM","12SP",2,"3",8.59375
"GAM","12SP",2,"3",0.520833333333333
"GAM","12SP",2,"3",3.90625
"GAM","12SP",2,"3",5.72916666666667
"GAM","12SP",3,"3",22.3958333333333
"GAM","12SP",3,"3",19.7916666666667
"GAM","12SP",3,"3",9.89583333333333
"GAM","12SP",3,"3",74.21875
"GAM","12SP",3,"3",13.28125
"GAM","12SP",4,"3",4.6875
"GAM","12SP",4,"3",23.9583333333333
"GAM","12SP",4,"3",30.2083333333333
"GAM","12SP",4,"3",2.86458333333333
"GAM","12SP",4,"3",7.8125
"GAM","12SP",5,"3",64.5833333333333
"GAM","12SP",5,"3",11.9791666666667
"GAM","12SP",5,"3",89.84375
"GAM","12SP",5,"3",77.34375
"GAM","12SP",5,"3",50
"GAM","12SP",6,"3",44.7916666666667
"GAM","12SP",6,"3",25.5208333333333
"GAM","12SP",6,"3",63.8020833333333
"GAM","12SP",6,"3",32.2916666666667
"GAM","12SP",6,"3",39.3229166666667
