"Metric","Site","Treatment","Mean","SD","n","Mean_SD"
"Canopy Gini","FAB","M1",0.212,0.151,6,"0.212 ± 0.151"
"Canopy Gini","FAB","M2",0.601,0.155,5,"0.601 ± 0.155"
"Canopy Gini","FAB","2SP",0.317,0.163,6,"0.317 ± 0.163"
"Canopy Gini","FAB","6SP",0.399,0.049,6,"0.399 ± 0.049"
"Canopy Gini","FAB","12SP",0.494,0.207,6,"0.494 ± 0.207"
"Canopy Gini","FCEA","M1",0.081,0.096,6,"0.081 ± 0.096"
"Canopy Gini","FCEA","M2",0.296,0.164,6,"0.296 ± 0.164"
"Canopy Gini","FCEA","2SP",0.226,0.065,6,"0.226 ± 0.065"
"Canopy Gini","FCEA","6SP",0.343,0.239,6,"0.343 ± 0.239"
"Canopy Gini","FCEA","12SP",0.345,0.123,6,"0.345 ± 0.123"
"Canopy Gini","GAM","M1",0.201,0.181,6,"0.201 ± 0.181"
"Canopy Gini","GAM","M2",0.614,0.107,5,"0.614 ± 0.107"
"Canopy Gini","GAM","2SP",0.292,0.086,6,"0.292 ± 0.086"
"Canopy Gini","GAM","6SP",0.401,0.096,6,"0.401 ± 0.096"
"Canopy Gini","GAM","12SP",0.344,0.111,6,"0.344 ± 0.111"
"Canopy Gini","LLFS","M1",0.036,0.063,6,"0.036 ± 0.063"
"Canopy Gini","LLFS","M2",0.466,0.144,6,"0.466 ± 0.144"
"Canopy Gini","LLFS","2SP",0.151,0.166,6,"0.151 ± 0.166"
"Canopy Gini","LLFS","6SP",0.092,0.071,6,"0.092 ± 0.071"
"Canopy Gini","LLFS","12SP",0.292,0.067,6,"0.292 ± 0.067"
"Canopy cover (%)","FAB","M1",55.279,28.991,6,"55.279 ± 28.991"
"Canopy cover (%)","FAB","M2",3.604,4.035,6,"3.604 ± 4.035"
"Canopy cover (%)","FAB","2SP",34.746,35.059,6,"34.746 ± 35.059"
"Canopy cover (%)","FAB","6SP",26.347,8.908,6,"26.347 ± 8.908"
"Canopy cover (%)","FAB","12SP",8.501,6.29,6,"8.501 ± 6.29"
"Canopy cover (%)","FCEA","M1",75.327,21.155,6,"75.327 ± 21.155"
"Canopy cover (%)","FCEA","M2",22.91,20.707,6,"22.91 ± 20.707"
"Canopy cover (%)","FCEA","2SP",38.392,20.299,6,"38.392 ± 20.299"
"Canopy cover (%)","FCEA","6SP",38.391,33.644,6,"38.391 ± 33.644"
"Canopy cover (%)","FCEA","12SP",27.063,22.671,6,"27.063 ± 22.671"
"Canopy cover (%)","GAM","M1",61.415,26.784,6,"61.415 ± 26.784"
"Canopy cover (%)","GAM","M2",7.5,7.114,5,"7.5 ± 7.114"
"Canopy cover (%)","GAM","2SP",27.274,22.004,6,"27.274 ± 22.004"
"Canopy cover (%)","GAM","6SP",20.852,12.136,6,"20.852 ± 12.136"
"Canopy cover (%)","GAM","12SP",26.267,20.545,6,"26.267 ± 20.545"
"Canopy cover (%)","LLFS","M1",90.705,11.15,6,"90.705 ± 11.15"
"Canopy cover (%)","LLFS","M2",10.177,8.353,6,"10.177 ± 8.353"
"Canopy cover (%)","LLFS","2SP",68.071,34.331,6,"68.071 ± 34.331"
"Canopy cover (%)","LLFS","6SP",71.581,21.514,6,"71.581 ± 21.514"
"Canopy cover (%)","LLFS","12SP",31.96,15.767,6,"31.96 ± 15.767"
"Carbon (Mg C/ha)","FAB","M1",3.066,2.422,6,"3.066 ± 2.422"
"Carbon (Mg C/ha)","FAB","M2",0.194,0.146,3,"0.194 ± 0.146"
"Carbon (Mg C/ha)","FAB","2SP",2.259,3.482,6,"2.259 ± 3.482"
"Carbon (Mg C/ha)","FAB","6SP",0.855,0.424,6,"0.855 ± 0.424"
"Carbon (Mg C/ha)","FAB","12SP",0.489,0.463,6,"0.489 ± 0.463"
"Carbon (Mg C/ha)","FCEA","M1",4.738,5.349,6,"4.738 ± 5.349"
"Carbon (Mg C/ha)","FCEA","M2",0.012,0.016,4,"0.012 ± 0.016"
"Carbon (Mg C/ha)","FCEA","2SP",1.687,1.084,6,"1.687 ± 1.084"
"Carbon (Mg C/ha)","FCEA","6SP",2.11,1.866,6,"2.11 ± 1.866"
"Carbon (Mg C/ha)","FCEA","12SP",1.19,1.024,6,"1.19 ± 1.024"
"Carbon (Mg C/ha)","GAM","M1",5.656,3.873,6,"5.656 ± 3.873"
"Carbon (Mg C/ha)","GAM","M2",0.081,0.049,5,"0.081 ± 0.049"
"Carbon (Mg C/ha)","GAM","2SP",1.081,0.729,6,"1.081 ± 0.729"
"Carbon (Mg C/ha)","GAM","6SP",0.826,0.466,6,"0.826 ± 0.466"
"Carbon (Mg C/ha)","GAM","12SP",0.997,0.533,6,"0.997 ± 0.533"
"Carbon (Mg C/ha)","LLFS","M1",8.28,4.601,6,"8.28 ± 4.601"
"Carbon (Mg C/ha)","LLFS","M2",0.06,0.035,6,"0.06 ± 0.035"
"Carbon (Mg C/ha)","LLFS","2SP",5.384,2.901,6,"5.384 ± 2.901"
"Carbon (Mg C/ha)","LLFS","6SP",6.281,4.117,6,"6.281 ± 4.117"
"Carbon (Mg C/ha)","LLFS","12SP",4.377,2.902,6,"4.377 ± 2.902"
"Carbon Gini","FAB","M1",0.445,0.044,6,"0.445 ± 0.044"
"Carbon Gini","FAB","M2",0.371,0.331,3,"0.371 ± 0.331"
"Carbon Gini","FAB","2SP",0.482,0.086,6,"0.482 ± 0.086"
"Carbon Gini","FAB","6SP",0.613,0.057,6,"0.613 ± 0.057"
"Carbon Gini","FAB","12SP",0.578,0.133,6,"0.578 ± 0.133"
"Carbon Gini","FCEA","M1",0.444,0.082,6,"0.444 ± 0.082"
"Carbon Gini","FCEA","M2",0.15,0.119,4,"0.15 ± 0.119"
"Carbon Gini","FCEA","2SP",0.516,0.077,6,"0.516 ± 0.077"
"Carbon Gini","FCEA","6SP",0.6,0.045,6,"0.6 ± 0.045"
"Carbon Gini","FCEA","12SP",0.55,0.188,6,"0.55 ± 0.188"
"Carbon Gini","GAM","M1",0.455,0.082,6,"0.455 ± 0.082"
"Carbon Gini","GAM","M2",0.326,0.107,5,"0.326 ± 0.107"
"Carbon Gini","GAM","2SP",0.565,0.093,6,"0.565 ± 0.093"
"Carbon Gini","GAM","6SP",0.611,0.073,6,"0.611 ± 0.073"
"Carbon Gini","GAM","12SP",0.656,0.15,6,"0.656 ± 0.15"
"Carbon Gini","LLFS","M1",0.379,0.054,6,"0.379 ± 0.054"
"Carbon Gini","LLFS","M2",0.278,0.091,6,"0.278 ± 0.091"
"Carbon Gini","LLFS","2SP",0.497,0.086,6,"0.497 ± 0.086"
"Carbon Gini","LLFS","6SP",0.635,0.033,6,"0.635 ± 0.033"
"Carbon Gini","LLFS","12SP",0.688,0.06,6,"0.688 ± 0.06"
"Height Gini","FAB","M1",0.146,0.033,6,"0.146 ± 0.033"
"Height Gini","FAB","M2",0.24,0.057,6,"0.24 ± 0.057"
"Height Gini","FAB","2SP",0.327,0.031,6,"0.327 ± 0.031"
"Height Gini","FAB","6SP",0.337,0.048,6,"0.337 ± 0.048"
"Height Gini","FAB","12SP",0.361,0.049,6,"0.361 ± 0.049"
"Height Gini","FCEA","M1",0.201,0.074,6,"0.201 ± 0.074"
"Height Gini","FCEA","M2",0.276,0.069,6,"0.276 ± 0.069"
"Height Gini","FCEA","2SP",0.328,0.022,6,"0.328 ± 0.022"
"Height Gini","FCEA","6SP",0.38,0.06,6,"0.38 ± 0.06"
"Height Gini","FCEA","12SP",0.413,0.039,6,"0.413 ± 0.039"
"Height Gini","GAM","M1",0.177,0.045,6,"0.177 ± 0.045"
"Height Gini","GAM","M2",0.174,0.025,5,"0.174 ± 0.025"
"Height Gini","GAM","2SP",0.223,0.024,6,"0.223 ± 0.024"
"Height Gini","GAM","6SP",0.442,0.02,6,"0.442 ± 0.02"
"Height Gini","GAM","12SP",0.396,0.041,6,"0.396 ± 0.041"
"Height Gini","LLFS","M1",0.122,0.041,6,"0.122 ± 0.041"
"Height Gini","LLFS","M2",0.164,0.056,6,"0.164 ± 0.056"
"Height Gini","LLFS","2SP",0.242,0.048,6,"0.242 ± 0.048"
"Height Gini","LLFS","6SP",0.34,0.022,6,"0.34 ± 0.022"
"Height Gini","LLFS","12SP",0.385,0.017,6,"0.385 ± 0.017"
"Inga BA (cm²)","FAB","M1",19.22,10.454,6,"19.22 ± 10.454"
"Inga BA (cm²)","FAB","2SP",24.914,27.754,6,"24.914 ± 27.754"
"Inga BA (cm²)","FAB","6SP",24.824,9.537,6,"24.824 ± 9.537"
"Inga BA (cm²)","FAB","12SP",23.273,12.824,6,"23.273 ± 12.824"
"Inga BA (cm²)","FCEA","M1",41.895,34.603,6,"41.895 ± 34.603"
"Inga BA (cm²)","FCEA","2SP",27.373,13.793,6,"27.373 ± 13.793"
"Inga BA (cm²)","FCEA","6SP",21.168,8.554,6,"21.168 ± 8.554"
"Inga BA (cm²)","FCEA","12SP",26.548,23.486,5,"26.548 ± 23.486"
"Inga BA (cm²)","GAM","M1",25.885,12.246,6,"25.885 ± 12.246"
"Inga BA (cm²)","GAM","2SP",6.683,5.696,6,"6.683 ± 5.696"
"Inga BA (cm²)","GAM","6SP",25.448,9.651,6,"25.448 ± 9.651"
"Inga BA (cm²)","GAM","12SP",42.457,22.653,6,"42.457 ± 22.653"
"Inga BA (cm²)","LLFS","M1",62.724,28.176,6,"62.724 ± 28.176"
"Inga BA (cm²)","LLFS","2SP",54.964,26.303,6,"54.964 ± 26.303"
"Inga BA (cm²)","LLFS","6SP",84.128,62.302,6,"84.128 ± 62.302"
"Inga BA (cm²)","LLFS","12SP",102.043,77.286,6,"102.043 ± 77.286"
"Inga height (m)","FAB","M1",2.904,0.657,6,"2.904 ± 0.657"
"Inga height (m)","FAB","2SP",2.716,1.112,6,"2.716 ± 1.112"
"Inga height (m)","FAB","6SP",2.903,0.398,6,"2.903 ± 0.398"
"Inga height (m)","FAB","12SP",2.75,0.391,6,"2.75 ± 0.391"
"Inga height (m)","FCEA","M1",3.227,1.393,6,"3.227 ± 1.393"
"Inga height (m)","FCEA","2SP",2.418,0.645,6,"2.418 ± 0.645"
"Inga height (m)","FCEA","6SP",2.241,0.958,6,"2.241 ± 0.958"
"Inga height (m)","FCEA","12SP",2.19,1.053,6,"2.19 ± 1.053"
"Inga height (m)","GAM","M1",4.02,1.003,6,"4.02 ± 1.003"
"Inga height (m)","GAM","2SP",2.303,0.745,6,"2.303 ± 0.745"
"Inga height (m)","GAM","6SP",3.491,0.538,6,"3.491 ± 0.538"
"Inga height (m)","GAM","12SP",3.94,1.146,6,"3.94 ± 1.146"
"Inga height (m)","LLFS","M1",4.63,1.205,6,"4.63 ± 1.205"
"Inga height (m)","LLFS","2SP",3.659,1.143,6,"3.659 ± 1.143"
"Inga height (m)","LLFS","6SP",4.029,1.295,6,"4.029 ± 1.295"
"Inga height (m)","LLFS","12SP",3.995,1.285,6,"3.995 ± 1.285"
"Mean height (m)","FAB","M1",2.904,0.657,6,"2.904 ± 0.657"
"Mean height (m)","FAB","M2",1.04,0.462,6,"1.04 ± 0.462"
"Mean height (m)","FAB","2SP",1.957,0.845,6,"1.957 ± 0.845"
"Mean height (m)","FAB","6SP",1.645,0.349,6,"1.645 ± 0.349"
"Mean height (m)","FAB","12SP",1.229,0.182,6,"1.229 ± 0.182"
"Mean height (m)","FCEA","M1",3.227,1.393,6,"3.227 ± 1.393"
"Mean height (m)","FCEA","M2",0.879,0.229,6,"0.879 ± 0.229"
"Mean height (m)","FCEA","2SP",1.774,0.449,6,"1.774 ± 0.449"
"Mean height (m)","FCEA","6SP",2.054,0.94,6,"2.054 ± 0.94"
"Mean height (m)","FCEA","12SP",1.578,0.491,6,"1.578 ± 0.491"
"Mean height (m)","GAM","M1",4.02,1.003,6,"4.02 ± 1.003"
"Mean height (m)","GAM","M2",1.55,0.157,5,"1.55 ± 0.157"
"Mean height (m)","GAM","2SP",2.254,0.541,6,"2.254 ± 0.541"
"Mean height (m)","GAM","6SP",1.529,0.242,6,"1.529 ± 0.242"
"Mean height (m)","GAM","12SP",1.718,0.088,6,"1.718 ± 0.088"
"Mean height (m)","LLFS","M1",4.63,1.205,6,"4.63 ± 1.205"
"Mean height (m)","LLFS","M2",1.678,0.275,6,"1.678 ± 0.275"
"Mean height (m)","LLFS","2SP",2.833,0.806,6,"2.833 ± 0.806"
"Mean height (m)","LLFS","6SP",2.612,0.482,6,"2.612 ± 0.482"
"Mean height (m)","LLFS","12SP",2.106,0.494,6,"2.106 ± 0.494"
"Survival (%)","FAB","M1",98.958,2.552,6,"98.958 ± 2.552"
"Survival (%)","FAB","M2",67.361,36.028,6,"67.361 ± 36.028"
"Survival (%)","FAB","2SP",87.5,7.454,6,"87.5 ± 7.454"
"Survival (%)","FAB","6SP",82.639,12.752,6,"82.639 ± 12.752"
"Survival (%)","FAB","12SP",79.861,13.48,6,"79.861 ± 13.48"
"Survival (%)","FCEA","M1",55.556,1.076,6,"55.556 ± 1.076"
"Survival (%)","FCEA","M2",88.542,6.421,6,"88.542 ± 6.421"
"Survival (%)","FCEA","2SP",90.625,6.686,6,"90.625 ± 6.686"
"Survival (%)","FCEA","6SP",94.097,5.003,6,"94.097 ± 5.003"
"Survival (%)","FCEA","12SP",86.458,5.705,6,"86.458 ± 5.705"
"Survival (%)","GAM","M1",100,0,6,"100 ± 0"
"Survival (%)","GAM","M2",83.333,40.825,6,"83.333 ± 40.825"
"Survival (%)","GAM","2SP",99.653,0.851,6,"99.653 ± 0.851"
"Survival (%)","GAM","6SP",86.111,6.931,6,"86.111 ± 6.931"
"Survival (%)","GAM","12SP",94.792,4.114,6,"94.792 ± 4.114"
"Survival (%)","LLFS","M1",56.25,0,6,"56.25 ± 0"
"Survival (%)","LLFS","M2",73.611,20.568,6,"73.611 ± 20.568"
"Survival (%)","LLFS","2SP",88.194,8.904,6,"88.194 ± 8.904"
"Survival (%)","LLFS","6SP",98.264,3.338,6,"98.264 ± 3.338"
"Survival (%)","LLFS","12SP",97.569,4.253,6,"97.569 ± 4.253"
"Total BA (cm²)","FAB","M1",883.794,521.091,6,"883.794 ± 521.091"
"Total BA (cm²)","FAB","M2",104.233,80.858,3,"104.233 ± 80.858"
"Total BA (cm²)","FAB","2SP",594.154,732.409,6,"594.154 ± 732.409"
"Total BA (cm²)","FAB","6SP",369.215,227.522,6,"369.215 ± 227.522"
"Total BA (cm²)","FAB","12SP",192.86,197.668,6,"192.86 ± 197.668"
"Total BA (cm²)","FCEA","M1",1052.834,992.261,6,"1052.834 ± 992.261"
"Total BA (cm²)","FCEA","M2",8.71,10.996,4,"8.71 ± 10.996"
"Total BA (cm²)","FCEA","2SP",542.058,310.41,6,"542.058 ± 310.41"
"Total BA (cm²)","FCEA","6SP",680.817,557.328,6,"680.817 ± 557.328"
"Total BA (cm²)","FCEA","12SP",449.23,356.84,6,"449.23 ± 356.84"
"Total BA (cm²)","GAM","M1",1196.972,593.098,6,"1196.972 ± 593.098"
"Total BA (cm²)","GAM","M2",30.926,18.693,5,"30.926 ± 18.693"
"Total BA (cm²)","GAM","2SP",290.684,155.887,6,"290.684 ± 155.887"
"Total BA (cm²)","GAM","6SP",209.479,94.974,6,"209.479 ± 94.974"
"Total BA (cm²)","GAM","12SP",239.45,100.137,6,"239.45 ± 100.137"
"Total BA (cm²)","LLFS","M1",1663.127,792.545,6,"1663.127 ± 792.545"
"Total BA (cm²)","LLFS","M2",27.55,16.159,6,"27.55 ± 16.159"
"Total BA (cm²)","LLFS","2SP",1295.782,674.494,6,"1295.782 ± 674.494"
"Total BA (cm²)","LLFS","6SP",1384.897,820.276,6,"1384.897 ± 820.276"
"Total BA (cm²)","LLFS","12SP",1044.225,603.566,6,"1044.225 ± 603.566"
