rowID,accepted_bin,family,spp,where,LAT,LON,nFix,dispersal,Fruit type,Selection,Bark thickness,Conduit diameter,Crown diameter,Crown height,Leaf area,Leaf density,Leaf K,Leaf N,Leaf P,Leaf thickness,Leaf Vcmax,Root depth,Seed dry mass,Specific leaf area,Stem diameter,Stomatal conductance,Tree height,Wood density
1,Acacia mangium,Leguminosae,ACAMAN,Santa Cecilia,8.754427,-82.982898,N-fixer,Animal (non-fleshy fruit),Animal (non-fleshy fruit),No,-0.3755,0.7042,1.1308,1.0614,0.8715,-0.3199,-0.5539,1.1147,0.1189,-1.2945,0.2283,-0.4995,0.7084,0.4265,-0.5368,1.3081,-0.4812,0.3336
2,Albizia guachapele,Leguminosae,ALBGUA,Santa Cecilia,8.754427,-82.982898,N-fixer,Animal (non-fleshy fruit),Animal (non-fleshy fruit),,-0.2639,0.7897,1.1308,1.0614,0.7863,-0.5305,-0.335,1.4831,0.2755,-1.2559,0.0741,0.5771,0.8843,0.3782,-0.2244,0.9855,-0.4812,-0.0651
3,Albizia saman,Leguminosae,ALBSAM,Santa Cecilia,8.754427,-82.982898,N-fixer,Animal (non-fleshy fruit),Animal (non-fleshy fruit),,-0.3072,0.7641,1.1308,1.0614,0.916,-0.3816,-0.4344,1.2066,0.2522,-1.2393,0.1288,0.5018,0.847,0.479,-0.2446,1.2868,-0.3449,0.1606
4,Albizia saman,Leguminosae,ALBSAM,Finca Aguas Buenas,9.023306,-83.483773,N-fixer,Animal (non-fleshy fruit),Animal (non-fleshy fruit),,-1.5703,1.1784,1.02,-0.2648,-0.9222,2.2337,-0.3204,1.2645,-0.1903,-1.8956,-0.0213,1.0704,1.1102,0.8137,-1.7779,-0.5858,-1.1949,0.6212
5,Alchornea latifolia,Euphorbiaceae,ALCLAT,Santa Cecilia,8.754427,-82.982898,Non-fixer,Animal (non-fleshy fruit),Animal (non-fleshy fruit),,-0.0878,-0.863,0.2125,0.1699,-0.528,-0.3231,-0.4872,-0.6372,-0.4445,0.1596,0.1636,-0.787,-2.0081,-0.4431,0.9623,0.6302,0.4958,0.1761
7,Apeiba tibourbou,Malvaceae,APETIB,Finca Aguas Buenas,9.023306,-83.483773,Non-fixer,Other,Other,,1.0661,0.6401,-0.9761,-1.6397,-0.2648,0.5098,0.7194,-0.3539,0.9101,-0.1708,0.5975,0.7954,0.5923,1.0429,-0.3017,-1.0935,-1.5356,-2.2515
8,Astronium graveolens,Anacardiaceae,ASTGRA,Santa Cecilia,8.754427,-82.982898,Non-fixer,Other,Wind,,-0.4552,-0.967,0.1487,-0.4107,1.3246,0.0789,-0.5985,-0.7776,-0.3436,-0.1591,-0.8493,0.7893,0.4233,-0.4688,0.6448,-0.0248,0.4958,0.9642
9,Beilschmiedia tovarensis,Lauraceae,BEITOV,Santa Cecilia,8.754427,-82.982898,Non-fixer,Animal (fleshy fruit),Fleshy fruit,,2.0248,-2.0921,-1.3566,0.7691,-1.0319,-0.0036,-1.214,-1.4634,-1.5019,1.7437,-2.035,-0.2095,-0.2318,-2.1609,1.3516,-0.9922,0.4958,0.4685
10,Caesalpinia pulcherrima,Leguminosae,CAEPUL,Santa Cecilia,8.754427,-82.982898,N-fixer,Animal (non-fleshy fruit),Animal (non-fleshy fruit),,-0.1259,0.9906,1.1346,1.0614,1.0986,-0.4406,0.0071,1.0144,0.5711,-1.3,0.6321,-1.0938,0.4059,0.9721,-0.2446,1.5995,-0.4475,0.0209
11,Calophyllum brasiliense,Clusiaceae,CALBRA,Santa Cecilia,8.754427,-82.982898,Non-fixer,Animal (fleshy fruit),Fleshy fruit,,0.4129,-0.6123,1.128,1.8169,-0.5053,-0.3293,-1.9247,-1.6066,-1.7807,1.2425,-0.6167,-0.1667,-0.6359,-2.4734,0.7446,-0.1991,1.2522,1.1587
12,Cecropia obtusifolia,Urticaceae,CECOBT,Finca Aguas Buenas,9.023306,-83.483773,Non-fixer,Animal (fleshy fruit),Fleshy fruit,,0.9168,0.9552,-0.7259,0.1699,0.0308,1.2711,-0.1623,-0.2434,0.808,0.5012,1.6915,-0.4995,-1.3044,0.4181,-0.0475,0.7347,1.1521,-1.4161
13,Cecropia peltata,Urticaceae,CECPEL,Santa Cecilia,8.754427,-82.982898,Non-fixer,Animal (fleshy fruit),Fleshy fruit,,0.3552,0.6059,0.8736,1.0293,1.234,-0.06,-0.5737,0.0271,0.6331,0.3102,1.7855,-0.4714,-2.2396,0.3103,1.1749,1.3267,1.7249,-1.5611
14,Cedrela odorata,Meliaceae,CEDODO,Santa Cecilia,8.754427,-82.982898,Non-fixer,Other,Wind,,-0.9933,-0.6672,-0.7573,-0.3677,1.3099,-0.9787,0.1591,0.0783,0.7842,-0.3584,-0.1834,1.0704,-0.1152,0.3285,0.3991,-0.0999,0.4958,0.3061
15,Cedrela tonduzii,Meliaceae,CEDTON,Santa Cecilia,8.754427,-82.982898,Non-fixer,Other,Wind,,-1.0728,-0.6657,-0.7573,-0.3677,1.3056,-0.966,0.1864,0.0813,0.6832,-0.3446,-0.2088,1.0704,-0.1433,0.3318,0.3991,-0.0999,0.4958,0.3114
16,Ceiba pentandra,Malvaceae,CEIPEN,Santa Cecilia,8.754427,-82.982898,Non-fixer,Other,Wind,,2.5595,0.4347,1.128,1.3374,1.1205,-0.875,0.4095,0.2289,1.0979,-0.563,1.2112,-0.4995,0.5726,0.6445,1.2585,0.6879,1.6565,-1.7669
17,Chrysophyllum cainito,Sapotaceae,CHRCAI,Santa Cecilia,8.754427,-82.982898,Non-fixer,Animal (fleshy fruit),Fleshy fruit,,-0.2819,-1.8456,-1.3566,0.7691,-1.3836,0.5538,-0.8362,-1.3662,-1.3794,1.5902,-2.4827,-0.4995,-0.0721,-1.5253,0.5306,-1.5234,0.4958,1.7641
18,Chrysophyllum cainito,Sapotaceae,CHRCAI,Finca Aguas Buenas,9.023306,-83.483773,Non-fixer,Animal (fleshy fruit),Fleshy fruit,,-1.9668,-2.3781,-0.9761,-0.7965,-2.5193,2.1669,-0.9448,-1.3674,-1.8491,1.1201,-2.4215,1.0704,0.3215,-0.5341,-1.8575,-3.7067,-1.0477,2.0413
19,Citharexylum cooperi,Verbenaceae,CITCOO,Finca Aguas Buenas,9.023306,-83.483773,Non-fixer,Animal (fleshy fruit),Fleshy fruit,,-0.4167,-0.3452,-1.3238,-1.9562,-0.9585,0.4837,1.6764,-0.6862,-0.0408,0.1068,0.9222,-1.4177,-1.2955,0.3114,-1.4614,-0.3824,-1.953,-0.2967
20,Cordia alliodora,Boraginaceae,CORALL,Santa Cecilia,8.754427,-82.982898,Non-fixer,Animal (fleshy fruit),Fleshy fruit,,-1.0685,0.241,-0.9334,-1.5902,0.5678,-1.271,2.0111,0.3531,1.2286,0.9025,0.8272,-0.7674,-0.9518,0.21,0.6364,1.2593,-0.1195,-0.7492
21,Cordia eriostigma,Boraginaceae,CORERI,Finca Aguas Buenas,9.023306,-83.483773,Non-fixer,Animal (fleshy fruit),Fleshy fruit,,-1.2822,0.5818,-1.1964,-1.9084,-1.3553,0.0418,2.1587,-0.0622,0.8517,1.4397,0.7474,-0.4995,-0.5199,0.7966,-2.0593,0.0858,-2.2133,-0.8586
22,Croton draco,Euphorbiaceae,CRODRA,Santa Cecilia,8.754427,-82.982898,Non-fixer,Animal (fleshy fruit),Fleshy fruit,Yes,-1.8601,0.066,-0.2916,-0.3677,0.8311,-1.808,1.5799,0.8175,2.651,-0.3391,1.2068,-1.6443,-1.1337,1.8564,-0.1737,0.1727,0.4958,-1.8633
23,Croton draco,Euphorbiaceae,CRODRA,Finca Aguas Buenas,9.023306,-83.483773,Non-fixer,Animal (fleshy fruit),Fleshy fruit,Yes,-1.3575,0.4252,-0.5224,-1.3305,-1.3796,-0.4615,2.4441,0.7735,2.5318,0.1595,1.0514,-0.4995,-0.5233,2.1232,-1.5161,-0.8648,-1.5735,-1.5861
24,Croton tenuicaudatus,Euphorbiaceae,CROTEN,Santa Cecilia,8.754427,-82.982898,Non-fixer,Other,Other,,-1.6709,0.1193,0.0259,-0.3619,0.8645,-1.8033,1.6343,0.786,2.7269,-0.39,1.2643,-1.6443,-1.1387,1.9863,-0.1287,0.2518,0.4958,-1.8852
25,Cupania rufescens,Sapindaceae,CUPRUF,Santa Cecilia,8.754427,-82.982898,Non-fixer,Animal (non-fleshy fruit),Animal (non-fleshy fruit),,0.2891,-0.9333,-1.1133,-1.0785,1.3386,0.4555,-0.3219,-0.7173,-0.386,0.3952,-0.7984,-0.2184,0.2044,-1.0255,1.3516,-0.1557,-0.0011,0.8323
26,Dalbergia retusa,Leguminosae,DALRET,Santa Cecilia,8.754427,-82.982898,N-fixer,Other,Wind,,0.0152,0.7477,1.1308,1.0257,0.8073,-0.5383,0.2687,1.0465,0.5746,-1.0989,0.4791,1.0704,1.3832,0.6774,-0.0475,0.5153,0.4958,0.2102
27,Dendropanax ravenii,Araliaceae,DENRAV,Finca Aguas Buenas,9.023306,-83.483773,Non-fixer,Animal (non-fleshy fruit),Animal (non-fleshy fruit),,-0.3675,-0.1444,-1.416,-1.5958,-2.0557,0.5301,2.0813,-1.4133,-1.0403,2.8426,-1.4389,-1.6443,-0.584,-1.2813,-1.57,-0.9136,-3.593,-0.7215
28,Drypetes brownii,Putranjivaceae,DRYBRO,Santa Cecilia,8.754427,-82.982898,Non-fixer,Animal (fleshy fruit),Fleshy fruit,,0.3186,-0.321,0.2036,1.0614,-0.3735,-0.534,-1.1453,-0.7572,-0.4694,-0.0639,0.1358,-0.4995,-1.2349,-0.6935,0.7446,0.3948,1.2381,0.9996
29,Enterolobium cyclocarpum,Leguminosae,ENTCYC,Santa Cecilia,8.754427,-82.982898,N-fixer,Animal (non-fleshy fruit),Animal (non-fleshy fruit),,-0.4338,0.7937,1.1308,1.0614,0.8485,-0.3778,-0.3738,1.2215,0.2998,-1.3454,0.2292,0.4659,0.8781,0.4906,-0.2244,1.2524,-0.4676,0.0136
30,Erythrina poeppigiana,Leguminosae,ERYPOE,Santa Cecilia,8.754427,-82.982898,N-fixer,Animal (non-fleshy fruit),Animal (non-fleshy fruit),,-0.4854,1.0098,1.1308,0.7691,1.0292,-0.8073,0.7613,1.3492,0.9775,-0.7417,0.728,-0.4995,1.2925,1.3112,-0.0475,0.8725,0.4958,-1.4761
31,Erythrina poeppigiana,Leguminosae,ERYPOE,Finca Aguas Buenas,9.023306,-83.483773,N-fixer,Animal (non-fleshy fruit),Animal (non-fleshy fruit),,-0.7147,1.3205,0.8954,-0.5443,-0.6634,1.1275,0.8894,1.3007,0.6425,-0.7059,0.7008,2.3593,1.1421,1.3201,-1.812,0.1329,-0.534,0.3866
32,Ficus insipida,Moraceae,FICINS,Finca Aguas Buenas,9.023306,-83.483773,Non-fixer,Animal (fleshy fruit),Fleshy fruit,,1.4587,0.2011,-0.7259,-0.6217,-1.2886,-0.9541,0.598,-0.7691,0.0143,1.1624,0.4753,-1.0631,-1.4844,0.0096,-0.3476,0.0583,0.7399,-1.4663
33,Ficus tonduzii,Moraceae,FICTON,Finca Aguas Buenas,9.023306,-83.483773,Non-fixer,Animal (fleshy fruit),Fleshy fruit,Yes,1.4543,0.2004,-0.7541,-0.6217,-1.3188,-0.9163,0.5955,-0.76,0.0048,1.1452,0.4291,-1.4177,-1.5115,-0.0552,-0.3476,0.037,0.7399,-1.3618
34,Garcinia intermedia,Clusiaceae,GARINT,Santa Cecilia,8.754427,-82.982898,Non-fixer,Animal (fleshy fruit),Fleshy fruit,,-0.3924,-0.5897,-0.8566,0.2184,-0.4061,-0.6346,-1.6919,-1.2867,-1.7099,1.736,-0.4875,-0.4995,-1.6944,-1.6209,0.5195,-0.0304,0.1494,1.0446
35,Gordonia fruticosa,Theaceae,GORFRU,Santa Cecilia,8.754427,-82.982898,Non-fixer,Other,Wind,,-0.0461,-2.3513,-1.6457,-1.1032,-1.5493,0.7872,-0.9474,-2.1499,-2.4044,2.1437,-2.9021,-1.6443,-0.3034,-2.6887,0.7446,-1.055,-1.1949,0.7604
36,Guarea glabra,Meliaceae,GUAGLA,Santa Cecilia,8.754427,-82.982898,Non-fixer,Animal (non-fleshy fruit),Animal (non-fleshy fruit),,0.0765,-0.8043,-1.0224,-1.0136,1.5859,-0.654,0.4054,0.0511,1.102,-0.1651,-0.2853,1.0704,-0.0528,0.186,0.4864,-0.656,0.4958,0.5101
37,Guazuma ulmifolia,Malvaceae,GUAULM,Finca Aguas Buenas,9.023306,-83.483773,Non-fixer,Animal (non-fleshy fruit),Animal (non-fleshy fruit),,1.3114,0.4424,-0.9334,-1.3305,-0.4201,0.4856,0.6431,-0.51,0.1664,0.0121,0.265,-0.4995,0.5615,0.7251,-0.3017,-1.0314,-1.1949,-0.6499
38,Hampea appendiculata,Malvaceae,HAMAPP,Santa Cecilia,8.754427,-82.982898,Non-fixer,Animal (fleshy fruit),Fleshy fruit,,2.281,0.4167,0.8894,0.3315,1.2296,-1.0151,0.6836,0.2623,1.169,-0.4177,1.1444,-1.0731,0.3412,0.8985,0.7446,0.8532,1.1997,-2.2892
39,Handroanthus guayacan,Bignoniaceae,HANGUA,Santa Cecilia,8.754427,-82.982898,Non-fixer,Other,Wind,,-0.987,-0.6228,-0.2864,-1.6507,0.9425,-1.6246,1.6171,0.2033,0.946,-0.1388,1.2959,-1.0631,-2.0187,0.312,1.3516,1.263,0.4958,0.1575
40,Handroanthus impetiginosus,Bignoniaceae,HANIMP,Santa Cecilia,8.754427,-82.982898,Non-fixer,Other,Wind,,-0.9492,-0.6267,-0.2864,-1.7123,0.9229,-1.6122,1.667,0.1999,0.9816,-0.1569,1.2784,-1.0631,-2.0523,0.2945,1.3516,1.2967,0.4958,0.1229
41,Handroanthus ochraceus,Bignoniaceae,HANOCH,Santa Cecilia,8.754427,-82.982898,Non-fixer,Other,Wind,,-0.9184,-0.5297,0.0922,-1.7185,1.0314,-1.468,1.7069,0.2887,1.039,-0.3242,1.4373,-1.4177,-2.3619,0.1967,0.9969,1.2734,0.4958,-0.2717
42,Heliocarpus appendiculatus,Malvaceae,HELAPP,Finca Aguas Buenas,9.023306,-83.483773,Non-fixer,Other,Wind,Yes,1.9169,0.5797,-0.9761,-1.5049,-0.2853,0.4895,0.8262,-0.1339,1.0074,-0.1883,0.6345,1.0704,0.696,1.3867,-0.3017,-0.9998,-1.1949,-2.004
43,Hymenaea courbaril,Leguminosae,HYMCOU,Finca Aguas Buenas,9.023306,-83.483773,Non-fixer,Animal (fleshy fruit),Fleshy fruit,,-0.4607,0.7084,0.2923,-0.2972,-0.6068,2.2751,-0.5784,-0.5011,-0.46,-0.8447,0.4702,0.4619,1.1407,0.347,-0.2314,-0.656,0.4958,1.858
44,Inga densiflora,Leguminosae,INGDEN,Santa Cecilia,8.754427,-82.982898,N-fixer,Animal (fleshy fruit),Fleshy fruit,,-0.2285,0.7633,1.1308,1.0614,0.8003,-0.6962,-0.2812,1.2069,0.329,-1.1697,0.1598,-0.4714,0.7935,0.2356,-0.239,0.917,-0.4812,-0.0105
45,Inga edulis,Leguminosae,INGEDU,Santa Cecilia,8.754427,-82.982898,N-fixer,Animal (fleshy fruit),Fleshy fruit,Yes,-0.1146,0.7752,1.1308,1.0614,0.8544,-0.7254,-0.1246,1.3729,0.3945,-0.8025,0.2384,0.5018,0.8826,0.1988,-0.0475,0.7328,0.1011,-0.6251
46,Inga edulis,Leguminosae,INGEDU,Finca Aguas Buenas,9.023306,-83.483773,N-fixer,Animal (fleshy fruit),Fleshy fruit,,-0.8955,1.4911,1.02,-0.2972,-0.9133,1.6389,0.052,1.3648,-0.0104,-0.9132,0.0049,0.8717,1.1082,0.1281,-1.7512,-0.8391,-0.4812,-0.0403
48,Inga punctata,Leguminosae,INGPUN,Santa Cecilia,8.754427,-82.982898,N-fixer,Animal (fleshy fruit),Fleshy fruit,Yes,-0.3068,0.7543,1.1308,1.0614,0.9296,-0.4593,-0.5609,1.2988,0.239,-0.4194,0.171,0.7954,0.8094,-0.0674,-0.0475,0.5876,0.1011,-0.7004
49,Inga punctata,Leguminosae,INGPUN,Finca Aguas Buenas,9.023306,-83.483773,N-fixer,Animal (fleshy fruit),Fleshy fruit,,-0.784,1.4831,1.02,-0.2972,-0.9597,1.5272,-0.2394,1.3314,-0.2405,-0.5544,0.0259,1.0704,1.1102,-0.2831,-1.4429,-0.959,-0.6372,-0.169
50,Inga ruiziana,Leguminosae,INGRUI,Santa Cecilia,8.754427,-82.982898,N-fixer,Animal (fleshy fruit),Fleshy fruit,,-0.2528,0.7589,1.1308,1.0614,0.8129,-0.5484,-0.0994,1.2592,0.4312,-0.8859,0.3206,-0.1667,0.866,0.221,-0.1254,0.7018,-0.3449,-0.5285
51,Inga ruiziana,Leguminosae,INGRUI,Finca Aguas Buenas,9.023306,-83.483773,N-fixer,Animal (fleshy fruit),Fleshy fruit,,-1.1401,1.4404,1.02,-0.2972,-1.0018,1.6504,-0.0279,1.3884,-0.0176,-0.9899,0.0693,1.0704,1.1079,0.3368,-1.8482,-0.9703,-1.1949,-0.0247
52,Inga sapindoides,Leguminosae,INGSAP,Finca Aguas Buenas,9.023306,-83.483773,N-fixer,Animal (fleshy fruit),Fleshy fruit,,-0.464,1.2537,1.02,-0.2972,-0.9466,1.5026,-0.1075,1.3782,-0.1074,-0.836,0.0225,1.0704,1.1737,0.2157,-1.9095,-1.1214,-0.7722,0.1198
53,Inga semialata,Leguminosae,INGSEM,Finca Aguas Buenas,9.023306,-83.483773,N-fixer,Animal (fleshy fruit),Fleshy fruit,,-0.8937,1.4497,1.02,-0.2972,-1.0141,1.68,-0.0185,1.3955,-0.0381,-0.9871,0.0902,1.0704,1.1183,0.3604,-1.7779,-1.0225,-1.1949,-0.0414
54,Inga skutchii,Leguminosae,INGSKU,Santa Cecilia,8.754427,-82.982898,N-fixer,Animal (fleshy fruit),Fleshy fruit,,-0.0893,0.7466,1.1308,1.0257,0.9105,-0.7393,-0.2067,1.2566,0.3252,-1.2434,0.1166,-0.4995,0.7982,0.2541,-0.0475,0.8837,-0.4812,0.0337
55,Inga spectabilis,Leguminosae,INGSPE,Santa Cecilia,8.754427,-82.982898,N-fixer,Animal (fleshy fruit),Fleshy fruit,,-0.2178,0.7546,1.1308,1.0614,0.5746,-0.4383,-0.3552,1.2601,0.1978,-0.409,0.1865,0.7954,0.7969,-0.3334,-0.0475,0.5455,0.106,-0.6328
56,Lacistema aggregatum,Lacistemataceae,LACAGG,Santa Cecilia,8.754427,-82.982898,Non-fixer,Animal (fleshy fruit),Fleshy fruit,,-0.1539,-1.7407,-1.228,0.1906,-0.4374,-0.628,-0.6514,-0.8528,-0.8102,0.5613,-0.5613,-1.6443,-2.2869,-0.6618,1.3516,0.3028,0.7533,0.3905
57,Leucaena leucocephala,Leguminosae,LEULEU,Santa Cecilia,8.754427,-82.982898,N-fixer,Animal (non-fleshy fruit),Animal (non-fleshy fruit),,0.1718,1.1283,1.1308,1.0614,0.8504,-0.3473,-0.2319,1.3587,0.3835,-1.3786,0.4916,-0.4995,0.7704,1.0848,-0.239,1.689,-0.4812,0.2718
58,Licania platypus,Chrysobalanaceae,LICPLA,Santa Cecilia,8.754427,-82.982898,Non-fixer,Animal (non-fleshy fruit),Animal (non-fleshy fruit),,0.1319,-0.4515,1.0414,1.7617,-0.5523,-0.4555,-1.8671,-1.3925,-1.681,1.012,-0.6057,-0.4714,-0.5763,-1.5308,0.7446,-0.254,1.1228,1.329
59,Licania platypus,Chrysobalanaceae,LICPLA,Finca Aguas Buenas,9.023306,-83.483773,Non-fixer,Animal (non-fleshy fruit),Animal (non-fleshy fruit),,0.2891,-0.0843,-0.7573,0.0212,-2.0891,1.7336,-1.9289,-1.5732,-1.6912,1.4479,-1.4701,0.7893,0.5383,-1.3105,-0.472,-1.4277,0.1494,2.1493
60,Lonchocarpus calcaratus,Leguminosae,LONCAL,Santa Cecilia,8.754427,-82.982898,N-fixer,Other,Wind?,,-0.4055,0.8049,1.1308,0.7691,0.9175,-0.842,0.8204,1.3479,0.8995,-0.8571,0.6995,-0.4995,1.3005,0.9861,-0.0401,0.5976,0.4958,-0.7615
61,Myrsine coriacea,Primulaceae,MYRCOR,Santa Cecilia,8.754427,-82.982898,Non-fixer,Animal (fleshy fruit),Fleshy fruit,,0.1163,-2.2659,-1.3566,-1.1059,-1.3838,0.1157,-0.3068,-2.0012,-2.2383,2.1097,-2.6655,-1.6443,-0.6631,-2.1302,0.5264,-1.1302,-1.1949,0.7338
62,Nectandra reticulata,Lauraceae,NECRET,Santa Cecilia,8.754427,-82.982898,Non-fixer,Animal (fleshy fruit),Fleshy fruit,,0.8974,-1.7912,-1.1208,-0.3677,-0.4757,-0.0834,-0.9126,-1.2234,-1.1548,0.8956,-1.1031,-0.1289,-0.2724,-1.4424,0.7446,-0.8268,0.4958,-0.1576
63,Ochroma pyramidale,Malvaceae,OCHPYR,Santa Cecilia,8.754427,-82.982898,Non-fixer,Other,Wind,,1.3033,0.4783,0.8736,0.1841,1.3128,-1.0727,0.4191,0.1363,1.2067,-0.4332,1.2005,-0.4995,0.4217,0.9215,1.0749,0.7393,1.1997,-2.685
64,Ocotea lentii,Lauraceae,OCOLEN,Santa Cecilia,8.754427,-82.982898,Non-fixer,Animal (fleshy fruit),Fleshy fruit,,0.6287,-1.6107,-0.942,-0.2921,-0.6943,0.2819,-1.5277,-1.0448,-0.7998,1.244,-1.7235,0.7893,-0.2264,-1.6928,0.4729,-1.0325,0.4958,-0.2505
65,Ocotea puberula,Lauraceae,OCOPUB,Santa Cecilia,8.754427,-82.982898,Non-fixer,Animal (fleshy fruit),Fleshy fruit,,0.5858,-1.7564,-0.3187,0.0452,-0.6206,0.0588,-1.1012,-0.6835,-0.1796,1.0199,-1.8082,1.0704,-0.1169,-1.3353,0.4176,-0.9716,1.2522,-0.3005
66,Ocotea stenoneura,Lauraceae,OCOSTE,Santa Cecilia,8.754427,-82.982898,Non-fixer,Animal (fleshy fruit),Fleshy fruit,,0.5713,-1.5787,-0.942,0.0408,-0.7444,0.3519,-1.5495,-0.9921,-0.9213,1.1065,-1.7264,0.7893,-0.2054,-1.5821,0.4986,-1.1601,0.4958,-0.2262
67,Ormosia cruenta,Leguminosae,ORMCRU,Santa Cecilia,8.754427,-82.982898,N-fixer,Animal (non-fleshy fruit),Animal (non-fleshy fruit),,-0.1237,0.6322,1.1308,1.0257,0.915,-0.4618,0.3214,0.9741,0.502,-0.9587,0.5491,1.0704,1.3663,0.5842,-0.0475,0.625,0.4958,0.1939
68,Otoba novogranatensis,Myristicaceae,OTONOV,Santa Cecilia,8.754427,-82.982898,Non-fixer,Animal (fleshy fruit),Fleshy fruit,Yes,0.576,-0.9368,0.9496,1.0614,-0.0373,-0.6485,-0.5344,-0.4791,-0.4474,0.8149,0.2824,0.3246,-1.4291,-0.4448,1.3139,0.3604,1.1521,-0.1587
69,Pachira sessilis,Malvaceae,PACSES,Finca Aguas Buenas,9.023306,-83.483773,Non-fixer,Other,Wind,,2.5404,0.3973,-0.8192,-1.0785,-0.304,0.6971,1.2127,-0.2709,0.0132,-0.2768,0.7158,1.0704,0.6094,0.723,-0.8324,-0.3962,-1.1949,-0.5111
70,Persea caerulea,Lauraceae,PERCAE,Santa Cecilia,8.754427,-82.982898,Non-fixer,Animal (fleshy fruit),Fleshy fruit,,1.2849,-2.0636,-1.3269,-0.3677,-0.5584,0.1389,-1.339,-1.4534,-1.499,1.398,-2.0446,0.3154,-0.1715,-1.7427,0.7446,-0.7882,-0.5394,-0.0886
71,Platymiscium dimorphandrum,Leguminosae,PLADIM,Santa Cecilia,8.754427,-82.982898,N-fixer,Other,Wind,,-0.3015,0.8647,1.6379,0.8853,0.9175,-0.8207,0.4575,0.9732,0.8336,-1.41,0.7935,1.0704,1.2282,1.12,0.3799,0.7502,1.0301,-0.091
72,Pouteria reticulata,Sapotaceae,POURET,Santa Cecilia,8.754427,-82.982898,Non-fixer,Animal (fleshy fruit),Fleshy fruit,,-0.4236,-1.8037,-1.3533,0.7791,-1.2481,0.4514,-0.9121,-1.5192,-1.1427,1.4414,-2.2972,-0.4995,-0.0556,-1.5475,0.7446,-1.4098,0.4958,1.7832
73,Pseudobombax septenatum,Malvaceae,PSESEP,Santa Cecilia,8.754427,-82.982898,Non-fixer,Other,Wind,,2.3383,0.4404,1.1397,0.8744,1.2094,-0.812,0.5752,0.3027,1.1819,-0.502,1.2338,-0.8774,0.3418,0.9096,1.2585,0.8111,1.5329,-2.4146
74,Pseudolmedia glabrata,Moraceae,PSEGLA,Santa Cecilia,8.754427,-82.982898,Non-fixer,Animal (fleshy fruit),Fleshy fruit,,0.422,0.1232,0.2923,1.0614,-0.0683,0.0034,-1.0381,-0.7603,-0.5486,0.4486,-0.1573,-0.1289,-0.0404,-0.5484,1.0314,0.5166,1.0215,1.1384
75,Pterocarpus rohrii,Leguminosae,PTEROH,Finca Aguas Buenas,9.023306,-83.483773,N-fixer,Other,Wind,,-0.2943,1.1357,0.7087,-0.6902,-0.7107,0.9346,0.8336,0.8351,0.6255,-0.6342,0.6241,2.3593,1.3936,1.0905,-0.2314,-0.2636,0.4958,1.2943
76,Quercus benthamii,Fagaceae,QUEBEN,Santa Cecilia,8.754427,-82.982898,Non-fixer,Animal (non-fleshy fruit),Animal (non-fleshy fruit),,1.2791,0.436,0.2923,1.1557,0.0722,0.6036,-1.3913,-0.8706,-1.469,0.963,-0.4124,1.0704,0.4102,-1.008,0.5195,0.6542,1.0157,0.6307
77,Quercus insignis,Fagaceae,QUEINS,Santa Cecilia,8.754427,-82.982898,Non-fixer,Animal (non-fleshy fruit),Animal (non-fleshy fruit),,0.9268,0.4636,0.725,1.5371,0.1102,0.4676,-1.5308,-1.0103,-1.4018,0.8629,-0.5005,1.4746,0.5074,-0.7171,0.5205,0.6668,0.8744,0.8533
78,Quercus lancifolia,Fagaceae,QUELAN,Santa Cecilia,8.754427,-82.982898,Non-fixer,Animal (non-fleshy fruit),Animal (non-fleshy fruit),,0.9959,0.4577,0.2125,1.5348,0.0474,0.5072,-1.5659,-1.0988,-1.5964,0.8526,-0.5466,1.1078,0.3283,-0.9715,0.5457,0.6878,0.7217,0.9055
79,Ruagea glabra,Meliaceae,RUAGLA,Santa Cecilia,8.754427,-82.982898,Non-fixer,Animal (fleshy fruit),Fleshy fruit,,0.1769,-0.857,-0.9235,0.0537,1.5683,-0.6133,0.5965,0.1533,1.27,-0.1681,-0.325,0.8717,-0.024,0.3027,0.5264,-0.2617,0.4958,0.4921
80,Sapindus saponaria,Sapindaceae,SAPSAP,Finca Aguas Buenas,9.023306,-83.483773,Non-fixer,Animal (non-fleshy fruit),Animal (non-fleshy fruit),,-0.52,-0.8064,-1.2317,-1.0785,-0.1824,1.2403,1.2694,-0.2076,0.7158,-0.2339,-0.3756,1.1385,0.4689,1.2054,-2.3218,-2.2371,-1.5356,1.1509
81,Senna papillosa,Leguminosae,SENPAP,Santa Cecilia,8.754427,-82.982898,Non-fixer,Animal (non-fleshy fruit),Animal (non-fleshy fruit),,-0.0547,0.8771,1.169,1.0293,0.9933,-0.5739,0.2128,1.0283,0.6384,-1.2954,0.6737,-1.0631,0.4839,1.036,-0.2244,1.5476,-0.4812,-0.1946
82,Senna reticulata,Leguminosae,SENRET,Santa Cecilia,8.754427,-82.982898,Non-fixer,Animal (non-fleshy fruit),Animal (non-fleshy fruit),,-0.0711,0.8771,1.169,1.0293,1.0108,-0.5739,0.2128,1.0277,0.6368,-1.2852,0.6731,-1.0938,0.4895,1.0093,-0.2446,1.5476,-0.4812,-0.1242
83,Senna reticulata,Leguminosae,SENRET,Finca Aguas Buenas,9.023306,-83.483773,Non-fixer,Animal (non-fleshy fruit),Animal (non-fleshy fruit),,-0.7004,1.2453,1.02,-0.2972,-0.7904,1.9122,0.331,0.9027,0.032,-1.1384,0.4865,0.5771,0.5711,1.2217,-1.7773,-0.1421,-1.1949,0.7717
84,Simarouba amara,Simaroubaceae,SIMAMA,Santa Cecilia,8.754427,-82.982898,Non-fixer,Animal (fleshy fruit),Fleshy fruit,,-0.2662,-0.3998,-0.9235,0.1699,0.7436,-0.6507,0.1734,-0.3936,0.2054,0.2881,-0.1438,-0.4714,-0.0295,-0.4955,0.7446,0.4279,0.825,0.1617
85,Spondias mombin,Anacardiaceae,SPOMOM,Finca Aguas Buenas,9.023306,-83.483773,Non-fixer,Animal (fleshy fruit),Fleshy fruit,,0.1571,-0.2012,-1.182,-1.0785,-0.4216,1.7621,0.2249,-0.8078,-0.3053,-0.3158,-0.7987,1.0704,0.4731,0.4342,-1.8634,-2.0027,-1.1949,0.1908
86,Sterculia recordiana,Malvaceae,STEREC,Finca Aguas Buenas,9.023306,-83.483773,Non-fixer,Other,Other,,2.5404,0.7567,-0.8074,-0.7614,-0.1762,0.5114,0.9525,-0.476,-0.0044,0.2391,0.9325,0.2992,0.4957,0.2693,-0.6537,-0.4191,-1.1949,-0.7185
87,Swietenia humilis,Meliaceae,SWIHUM,Santa Cecilia,8.754427,-82.982898,Non-fixer,Other,Wind,,-0.9211,-0.8104,-0.7573,-0.2175,1.209,-1.0133,0.001,0.0638,0.3191,-0.1977,-0.2474,1.0704,-0.1236,0.0117,0.7446,0.0037,0.4958,0.4375
88,Swietenia macrophylla,Meliaceae,SWIMAC,Santa Cecilia,8.754427,-82.982898,Non-fixer,Other,Wind,,-0.9211,-0.8104,-0.7573,-0.2175,1.209,-1.0133,0.001,0.0638,0.3191,-0.1977,-0.2474,1.0704,-0.1236,0.0117,0.7446,0.0037,0.4958,0.4375
89,Tabernaemontana litoralis,Apocynaceae,TABLIT,Santa Cecilia,8.754427,-82.982898,Non-fixer,Animal (fleshy fruit),Fleshy fruit,,-0.5534,-0.7491,-0.742,0.1276,-0.1219,-0.9947,0.9884,-0.1878,0.1388,0.5189,0.672,-0.8774,-2.1597,-0.0158,1.389,0.745,0.4958,0.0092
90,Tapirira mexicana,Anacardiaceae,TAPMEX,Santa Cecilia,8.754427,-82.982898,Non-fixer,Animal (non-fleshy fruit),Animal (non-fleshy fruit),,0.6318,-0.6777,-0.9334,-0.626,1.3448,0.3893,-0.3248,-0.9194,-0.6213,0.5827,-1.2026,-0.1667,0.2983,-0.9787,0.5309,0.3169,0.4958,0.3783
91,Terminalia amazonia,Combretaceae,TERAMA,Santa Cecilia,8.754427,-82.982898,Non-fixer,Other,Wind,,-0.1184,-0.4665,-0.9958,0.1699,-0.2169,-0.4132,-0.4707,-0.629,-0.4241,0.433,0.8704,-1.4177,-1.6118,-0.4381,1.5516,0.7983,1.2522,1.0411
92,Terminalia amazonia,Combretaceae,TERAMA,Finca Aguas Buenas,9.023306,-83.483773,Non-fixer,Other,Wind,,0.0265,-0.5507,-1.8049,-1.0189,-1.3966,1.0049,-0.4561,-1.0175,-1.0568,0.3493,0.227,-0.7583,-0.5039,-0.2682,-0.1254,-0.7667,0.1494,1.1908
93,Trophis mexicana,Moraceae,TROMEX,Santa Cecilia,8.754427,-82.982898,Non-fixer,Animal (non-fleshy fruit),Animal (non-fleshy fruit),,0.4109,0.1484,0.2923,1.0614,0.2197,-0.0411,-0.8652,-0.6101,-0.0521,0.287,0.4335,-0.2184,0.1018,-0.1063,0.95,0.526,1.389,1.1722
94,Ulmus mexicana,Ulmaceae,ULMMEX,Santa Cecilia,8.754427,-82.982898,Non-fixer,Other,Wind,Yes,1.4437,0.4587,0.4621,1.6431,0.17,0.0493,-1.1037,-0.2401,-0.5714,0.1817,0.7883,0.8174,-0.0661,-0.2945,1.3158,0.8815,1.5329,0.6224
95,Viburnum costaricanum,Adoxaceae,VIBCOS,Santa Cecilia,8.754427,-82.982898,Non-fixer,Animal (fleshy fruit),Fleshy fruit,,-1.0628,-0.5169,-1.3146,-1.6397,0.1021,-1.3739,1.7284,-0.947,-1.4322,1.5529,-0.2234,-2.4777,-1.6784,-1.163,1.389,0.9357,-1.1949,0.0984
96,Virola surinamensis,Myristicaceae,VIRSUR,Finca Aguas Buenas,9.023306,-83.483773,Non-fixer,Animal (non-fleshy fruit),Animal (non-fleshy fruit),,0.5599,-0.5857,-0.2916,-0.3677,-2.038,1.265,-0.7382,-0.9826,-0.8605,1.032,-0.7524,-0.4995,-0.4997,-0.7818,-0.5678,-2.3933,0.1526,-0.2186
97,Zygia longifolia,Leguminosae,ZYGLON,Santa Cecilia,8.754427,-82.982898,N-fixer,Other,Other,,-0.2626,0.7535,1.1308,1.0614,0.7862,-0.7166,-0.4755,1.1428,0.2377,-1.2331,0.0598,-0.4714,0.8039,0.2503,-0.4218,1.0968,-0.4676,-0.0412
98,Zygia longifolia,Leguminosae,ZYGLON,Finca Aguas Buenas,9.023306,-83.483773,N-fixer,Other,Other,,-1.3625,1.1913,1.1308,-0.2972,-0.951,2.1275,-0.3356,1.0366,-0.2554,-1.7432,-0.1389,0.7893,1.079,0.4152,-1.6134,-0.9617,-1.9682,0.479