where,LAT,LON,raw_name,Genus,species,spp,nFix,dispersal,Fruit type,Wood density,Root depth,Root/shoot ratio,Leaf N per mass,Leaf P per mass,Stem diameter,Bark thickness,Seed dry mass,"Leaf resp. rate, per mass",Leaf K per mass,Stomatal conductance,Leaf thickness,Leaf density,Leaf N:P,Root N per mass,Leaf length,Leaf width,Leaf C/N,Leaf Vcmax per dry mass,Leaf Jmax per dry mass,Stem conduit diameter,Crown diameter,Leaf chlorophyll,Crown height,Root C/N,Wood N per mass,Tree height,Leaf area,Specific leaf area,Leaf water per mass
LG,8.700634,-83.203632,Anacardium excelsum,Anacardium,excelsum,Anaexc,non-fixer,animal,Animal,-0.751815,1.761248,-0.782269,2.907743,-0.032219,-1.046197,1.416064,4.096717,-4.40993,2.194174,5.231954,-1.678054,-0.889005,2.921855,2.268323,4.455533,1.324615,3.216547,-0.927498,-0.087368,3.716177,2.3816,-0.904449,2.24071,3.900113,1.452029,3.401197,9.060095,2.660825,0.384713
LG,8.700634,-83.203632,Apeiba tibourbou,Apeiba,tibourbou,Apetib,non-fixer,animal,Animal,-1.138269,1.648659,-0.816505,3.065871,0.186297,-0.693858,1.53265,3.053217,-4.057456,2.157466,5.158363,-1.567883,-1.246905,3.027732,2.326963,4.47323,1.542402,3.07459,-0.820208,-0.181106,3.702751,2.646175,-0.889826,2.450143,3.921025,1.483738,3.388331,8.878384,2.743944,0.622669
LG,8.700634,-83.203632,Aspidosperma myristicifolium,Aspidosperma,myristicifolium,Aspmyr,non-fixer,other,Wind,-0.617807,1.609438,-0.777853,2.880303,-0.279906,-1.142564,1.178027,2.883803,-4.415661,2.236393,5.175865,-1.336459,-1.199057,3.042351,2.151598,4.459028,1.400976,3.271478,-0.904458,-0.0197,3.64944,2.362877,-0.8592,2.208274,3.892152,1.708583,2.890372,8.462692,2.465353,0.609772
LG,8.700634,-83.203632,Aspidosperma spruceanum,Aspidosperma,spruceanum,Aspspr,non-fixer,other,Wind,-0.602347,1.609438,-0.790089,2.871327,-0.282633,-1.135076,1.143258,3.098387,-4.423043,2.21576,5.160111,-1.345799,-1.189719,3.055402,2.13737,4.467878,1.402922,3.2783,-0.905375,-0.020223,3.664162,2.349005,-0.853145,2.286456,3.897481,1.681035,2.890372,8.385756,2.402467,0.583551
LG,8.700634,-83.203632,Astronium graveolens,Astronium,graveolens,Astgra,non-fixer,other,Wind,-0.57993,1.793347,-0.822755,2.938418,0.049371,-1.153296,1.309821,4.075428,-4.219124,2.192605,5.248722,-1.723565,-0.935422,3.016195,2.279721,4.466868,1.35886,3.085278,-0.861257,-0.078329,3.666478,2.3816,-0.858726,2.272126,3.910931,1.640267,3.058159,9.304143,2.625174,0.395914
LG,8.700634,-83.203632,Brosimum alicastrum,Brosimum,alicastrum,Broali,non-fixer,animal_fleshy,Fleshy fruit,-0.55598,1.757858,-1.061058,2.956537,0.020716,-0.681814,1.433095,3.647791,-4.264856,2.067072,5.293459,-1.574175,-1.159013,2.995181,2.050086,4.637102,1.482915,3.04376,-0.718976,-0.165516,3.731291,2.39835,-0.881927,2.580217,3.954269,1.574344,3.621757,8.735751,2.591417,0.515104
LG,8.700634,-83.203632,Brosimum utile,Brosimum,utile,Brouti,non-fixer,animal_fleshy,Fleshy fruit,-0.572425,1.757858,-1.04554,2.941649,-0.09556,-0.576394,1.468195,3.493407,-4.279005,2.088147,5.328464,-1.528729,-1.123159,2.950444,2.046723,4.621627,1.49173,3.141833,-0.743352,-0.190285,3.724106,2.333114,-0.880673,2.444071,3.955048,1.553094,3.555348,8.825957,2.546734,0.516853
LG,8.700634,-83.203632,Buchenavia costaricensis,Buchenavia,costaricensis,Buccos,non-fixer,animal_fleshy,Fleshy fruit,-0.521759,1.609438,-0.791426,2.871422,-0.254572,-0.993982,1.311576,2.626429,-4.269249,2.095572,5.341773,-1.538727,-1.217871,2.950748,2.15143,4.471424,1.458661,3.223573,-0.812307,-0.092176,3.638076,2.336414,-0.911927,2.209367,3.917049,1.452333,3.124439,8.097371,2.51191,0.619052
LG,8.700634,-83.203632,Byrsonima crassifolia,Byrsonima,crassifolia,Byrcra,non-fixer,animal_fleshy,Fleshy fruit,-0.530023,1.609438,-0.900307,2.875759,-0.263922,-1.164113,1.120252,2.463078,-4.424653,1.943733,5.157414,-1.528516,-1.132752,3.032753,2.219618,4.486257,1.494207,3.257434,-0.971047,-0.243083,3.637074,2.336414,-0.818421,2.36556,3.862059,1.407031,3.088995,8.348911,2.557706,0.559444
LG,8.700634,-83.203632,Calatola costaricensis,Calatola,costaricensis,Calcos,non-fixer,animal,Animal,-0.734677,1.609438,-0.744133,2.884511,-0.279827,-1.251414,1.160682,2.829565,-4.571438,2.412509,5.224695,-1.429132,-1.207476,3.031244,2.177329,4.447157,1.478518,3.236499,-0.990379,-0.088518,3.653465,2.196613,-0.893061,2.296679,3.858624,1.545073,2.74084,8.51032,2.529201,0.695969
LG,8.700634,-83.203632,Calophyllum brasiliense,Calophyllum,brasiliense,Calbra,non-fixer,animal_fleshy,Fleshy fruit,-0.383439,1.791759,-0.914959,2.703077,-0.496194,-0.953175,1.344079,3.586187,-4.691004,1.797497,5.187211,-1.341201,-1.062466,2.982361,2.260724,4.402975,1.418324,3.488614,-1.080724,-0.319272,3.625925,2.389621,-0.81464,2.433613,3.854181,1.218972,3.332308,8.286193,2.216754,0.446258
LG,8.700634,-83.203632,Calophyllum longifolium,Calophyllum,longifolium,Callon,non-fixer,animal_fleshy,Fleshy fruit,-0.379735,1.757858,-0.913783,2.691726,-0.497088,-0.956666,1.3462,3.590919,-4.709317,1.787381,5.188367,-1.323353,-1.036523,2.982028,2.261371,4.398269,1.419243,3.505244,-1.088699,-0.333207,3.622931,2.389621,-0.814707,2.433613,3.856308,1.218166,3.357677,8.297002,2.185482,0.435446
LG,8.700634,-83.203632,Carapa guianensis,Carapa,guianensis,Cargui,non-fixer,other,Other,-0.64468,1.662969,-0.766934,2.992485,-0.033631,-1.02341,1.326744,3.816413,-4.253401,2.237382,5.325933,-1.551695,-1.10593,2.913107,2.283048,4.507968,1.451723,3.209926,-0.864379,-0.248934,3.724677,2.349005,-0.878243,2.352549,3.920791,1.421307,3.095578,9.353615,2.652781,0.508358
LG,8.700634,-83.203632,Caryocar costaricense,Caryocar,costaricense,Carcos,non-fixer,animal,Animal,-0.455324,1.648659,-0.893196,2.888082,-0.277666,-1.016111,1.327409,2.814248,-4.471267,1.97488,5.207213,-1.477128,-1.047968,2.979095,2.186798,4.507028,1.447821,3.324779,-0.918102,-0.23907,3.637158,2.463428,-0.816847,2.501436,3.850046,1.58379,3.428162,8.278308,2.50137,0.448356
LG,8.700634,-83.203632,Cedrela odorata,Cedrela,odorata,Cedodo,non-fixer,other,Wind,-0.64939,1.865259,-0.762123,3.077265,0.225005,-0.989095,1.272422,3.746158,-4.149178,2.254022,5.304096,-1.593613,-1.121845,2.951659,2.286309,4.528866,1.473433,2.989802,-0.823452,-0.169164,3.749616,2.381087,-0.879699,2.36556,3.927134,1.456343,3.031091,9.377273,2.713073,0.556844
LG,8.700634,-83.203632,Ceiba pentandra,Ceiba,pentandra,Ceipen,non-fixer,other,Wind,-1.080431,1.648659,-0.900009,3.135002,0.257053,-0.740029,1.727789,3.494861,-4.07213,2.212308,5.255101,-1.504554,-1.09456,2.880502,2.330539,4.480894,1.557146,3.039722,-0.757578,-0.142723,3.759222,2.646175,-0.859553,2.639057,3.92215,1.524274,3.468099,9.168519,2.657097,0.649298
LG,8.700634,-83.203632,Cojoba arborea,Cojoba,arborea,Cojarb,nFix,animal,Animal,-0.509692,1.974773,-1.006149,3.344999,0.088902,-0.855691,1.124084,3.998621,-4.133446,1.841162,5.290441,-1.775825,-0.999983,3.194943,2.36968,4.252894,1.288903,2.850521,-0.784059,-0.078033,3.818265,2.524158,-0.845772,2.565486,3.911803,1.751541,2.995732,9.12541,2.640141,0.347256
LG,8.700634,-83.203632,Croton schiedeanus,Croton,schiedeanus,Crosch,non-fixer,animal,Animal,-0.958181,1.648659,-0.928377,3.288842,0.673553,-0.953994,1.095567,2.425461,-4.131766,2.449218,5.330119,-1.539582,-1.35386,2.702723,2.375004,4.564998,1.495778,2.841825,-0.713329,-0.126938,3.706064,2.4813,-0.86681,2.434487,3.885821,1.356511,2.890372,8.900201,2.837814,0.819844
LG,8.700634,-83.203632,Dalbergia retusa,Dalbergia,retusa,Dalret,non-fixer,other,Wind,-0.39937,2.079442,-1.023571,3.249178,0.125043,-0.864177,1.161942,4.4952,-4.1138,2.089669,5.202852,-1.606321,-1.04077,3.014944,2.315831,4.360602,1.371372,2.930655,-0.732138,-0.102677,3.783189,2.606387,-0.852144,2.576476,3.860821,1.763229,3.051403,8.947291,2.57239,0.420422
LG,8.700634,-83.203632,Dilodendron costaricense,Dilodendron,costaricense,Dilcos,non-fixer,animal_fleshy,Fleshy fruit,-0.51442,1.807633,-0.797662,3.159724,0.263455,-0.957113,1.271325,3.907342,-4.107118,2.158052,5.019221,-1.587412,-1.053758,2.989511,2.295676,4.442452,1.332084,2.95685,-0.83032,-0.173584,3.705318,2.381087,-0.889911,2.34327,3.926263,1.489707,3.147605,9.194902,2.731478,0.563727
LG,8.700634,-83.203632,Euterpe oleracea,Euterpe,oleracea,Eutole,non-fixer,animal_fleshy,Fleshy fruit,-0.752569,1.609438,-0.828659,2.950237,-0.232776,-1.136314,1.314452,2.41375,-4.67902,2.200827,5.204656,-1.363222,-1.238218,2.976082,2.140528,4.608757,1.539289,3.244702,-0.977823,-0.160758,3.501306,2.381087,-0.886704,2.363116,3.891368,1.575686,2.981175,8.385627,2.580031,0.710858
LG,8.700634,-83.203632,Ficus insipida,Ficus,insipida,Ficins,non-fixer,animal_fleshy,Fleshy fruit,-0.937601,1.609438,-1.059278,3.005816,0.170889,-0.54471,1.329566,1.584105,-4.1654,2.263202,5.428978,-1.456897,-1.263927,2.991235,2.032829,4.604456,1.575666,3.031139,-0.651236,-0.033923,3.708149,2.305638,-0.904946,2.434487,3.981187,1.506676,3.401197,9.162114,2.620028,0.75008
LG,8.700634,-83.203632,Garcinia madruno,Garcinia,madruno,Garmad,non-fixer,animal_fleshy,Fleshy fruit,-0.361403,1.757858,-0.905251,2.655443,-0.537897,-1.290984,1.013127,3.320995,-4.743462,1.840178,5.072808,-1.287267,-1.014007,3.011864,2.224695,4.385775,1.444992,3.451104,-1.043072,-0.338845,3.58271,2.381087,-0.799971,2.443127,3.885065,1.281283,2.833213,8.346857,2.185557,0.562633
LG,8.700634,-83.203632,Genipa americana,Genipa,americana,Gename,non-fixer,animal_fleshy,Fleshy fruit,-0.49617,1.584555,-0.882834,2.928775,-0.280443,-0.976169,1.077004,2.408359,-4.404301,2.17578,5.189234,-1.493093,-1.229293,3.092433,2.133689,4.635749,1.760344,3.222924,-0.965349,-0.109716,3.542791,2.381087,-0.879438,2.36556,3.960105,1.761523,2.971435,9.017968,2.521897,0.7184
LG,8.700634,-83.203632,Guarea grandifolia,Guarea,guidonia,Guagui,non-fixer,animal,Animal,-0.607076,1.648659,-0.794399,3.207418,0.350786,-0.989095,1.35659,3.537636,-4.076345,2.234252,5.370566,-1.527019,-1.120456,2.990355,2.314755,4.425911,1.443004,2.91564,-0.782856,-0.138041,3.744962,2.351028,-0.864128,2.352549,3.916703,1.490684,3.332626,9.463747,2.608184,0.573313
LG,8.700634,-83.203632,Hieronyma alchorneoides,Hieronyma,alchorneoides,Hiealc,non-fixer,animal_fleshy,Fleshy fruit,-0.530015,1.609438,-0.957452,2.968702,-0.030749,-0.957006,1.278081,2.523157,-4.533881,1.998371,5.195222,-1.534794,-1.187339,3.067695,2.248106,4.497349,1.537143,3.105995,-0.935743,-0.180336,3.577571,2.364875,-0.839449,2.388763,3.861268,1.409728,3.218876,8.487067,2.607477,0.635247
LG,8.700634,-83.203632,Inga barbouri,Inga,barbourii,Ingbar,nFix,animal_fleshy,Fleshy fruit,-0.514969,1.981001,-0.989139,3.397632,0.051017,-1.072471,1.036168,4.046049,-4.167077,1.816624,5.252897,-1.705162,-1.053759,3.241014,2.366455,4.374442,1.353585,2.759303,-0.819566,-0.082824,3.796094,2.524158,-0.845814,2.451087,3.936206,1.74253,2.870146,9.203897,2.642921,0.449145
LG,8.700634,-83.203632,Inga edudis,Inga,edulis,Ingedu,nFix,animal_fleshy,Fleshy fruit,-0.580007,1.807633,-1.019647,3.430722,0.11606,-1.035637,1.089758,3.973358,-4.1518,1.922083,5.307906,-1.567527,-1.092513,3.233517,2.380224,4.391651,1.412466,2.720993,-0.819618,-0.099959,3.815055,2.524158,-0.809535,2.442347,3.926871,1.787771,2.91799,9.110685,2.572244,0.311323
LG,8.700634,-83.203632,Inga multiflora,Inga,leiocalycina,Inglei,nFix,animal_fleshy,Fleshy fruit,-0.646588,1.981001,-1.022838,3.427954,0.112843,-1.035637,1.2291,3.917749,-4.143302,1.922386,5.305151,-1.466615,-1.110823,3.202718,2.379558,4.363831,1.403402,2.725816,-0.80135,-0.132229,3.848399,2.524158,-0.830951,2.459589,3.922752,1.782593,2.849659,9.248194,2.532535,0.324525
LG,8.700634,-83.203632,Inga punctata,Inga,punctata,Ingpun,nFix,animal_fleshy,Fleshy fruit,-0.671376,1.974081,-1.022838,3.42379,0.099563,-1.023701,1.219664,3.92266,-4.143924,1.925773,5.308619,-1.369976,-1.116207,3.201157,2.382022,4.381481,1.394035,2.735049,-0.802861,-0.129467,3.852575,2.476538,-0.838966,2.451087,3.922752,1.784683,2.833213,9.246235,2.538555,0.299778
LG,8.700634,-83.203632,Inga ruiziana,Inga,ruiziana,Ingrui,nFix,animal_fleshy,Fleshy fruit,-0.581211,1.981001,-1.018231,3.423026,0.137408,-1.035637,1.038269,3.983564,-4.154496,1.911352,5.299117,-1.587055,-1.092325,3.234867,2.373442,4.394984,1.436628,2.732823,-0.822001,-0.099782,3.800577,2.524158,-0.822754,2.442347,3.931417,1.776496,2.809403,9.156249,2.595967,0.32298
LG,8.700634,-83.203632,Inga vera,Inga,vera,Ingver,nFix,animal_fleshy,Fleshy fruit,-0.584817,1.807633,-1.0087,3.414041,0.103236,-1.035637,1.200034,4.137295,-4.162562,1.928853,5.299372,-1.49638,-1.124062,3.205105,2.37706,4.346405,1.40103,2.781979,-0.796688,-0.13342,3.82846,2.524158,-0.823684,2.603428,3.924384,1.791283,2.980619,9.444646,2.547954,0.359652
LG,8.700634,-83.203632,Jacaranda copaia,Jacaranda,copaia,Jaccop,non-fixer,other,Wind,-0.79546,1.609438,-0.755317,2.965171,0.023723,-1.125785,1.173331,2.677353,-4.224178,2.377372,5.289236,-1.408069,-1.186336,3.100746,2.166555,4.574813,1.512169,3.025208,-0.790952,-0.024828,3.712006,2.208033,-0.873954,2.209367,3.875465,1.703491,2.995732,9.005365,2.545312,0.661356
LG,8.700634,-83.203632,Lecythis mesophyla,Lecythis,mesophylla,Lecmes,non-fixer,animal,Animal,-0.50145,1.648659,-0.801303,2.924751,-0.089654,-1.113684,1.128785,3.465597,-4.682886,2.268126,5.025284,-1.469521,-1.126545,3.143418,2.209569,4.434818,1.467093,3.118024,-1.073687,-0.123518,3.447182,2.381087,-0.895853,2.515198,3.845799,1.563944,2.995732,8.367366,2.543984,0.661266
LG,8.700634,-83.203632,Minquartia guianensis,Minquartia,guianensis,Mingui,non-fixer,animal_fleshy,Fleshy fruit,-0.502265,1.648659,-0.799026,2.932231,-0.091649,-1.174791,1.210452,3.354835,-4.524514,2.197371,5.282189,-1.494633,-1.107325,2.955329,2.109029,4.452096,1.381452,3.103977,-0.958113,-0.086854,3.781631,2.333114,-0.880584,2.243851,3.89425,1.666313,2.880533,8.43023,2.504504,0.485052
LG,8.700634,-83.203632,Ocotea insularis,Ocotea,insularis,Ocoins,non-fixer,animal_fleshy,Fleshy fruit,-0.852585,1.871802,-0.855963,3.010528,-0.124079,-1.47841,1.313912,3.642074,-4.791633,2.288342,5.125181,-1.271156,-1.10236,3.036071,2.080088,4.547799,1.487101,3.130346,-1.004107,-0.237123,3.433842,2.194028,-0.85602,2.29937,4.084374,1.460356,2.70805,8.292337,2.434676,0.498841
LG,8.700634,-83.203632,Paramachaerium gruberi,Paramachaerium,gruberi,Pargru,nFix,other,Other,-0.428849,1.807633,-1.020303,3.291788,0.299821,-0.865122,1.222241,4.431125,-4.014155,2.147725,5.218207,-1.649827,-1.104876,3.001755,2.301827,4.396681,1.387507,2.77724,-0.72641,-0.060601,3.817994,2.639057,-0.868,2.639057,3.853166,1.887987,3.295837,8.904363,2.699329,0.491195
LG,8.700634,-83.203632,Parkia pendula,Parkia,pendula,Parpen,nFix,animal_fleshy,Fleshy fruit,-0.53812,1.609438,-0.975066,3.367655,0.122338,-0.729887,1.161334,3.972728,-4.121561,1.950524,5.30875,-1.723341,-1.002678,3.151005,2.37324,4.139375,1.286786,2.848093,-0.761772,-0.050021,3.829955,2.524158,-0.883352,2.558,3.914757,1.74095,3.193255,9.11779,2.574828,0.359419
LG,8.700634,-83.203632,Peltogyne purpurea,Peltogyne,purpurea,Pelpur,nFix,other,Other,-0.451148,1.648659,-1.007933,2.981436,-0.151784,-0.736169,1.223194,4.459129,-4.332171,1.938269,5.197567,-1.687055,-1.041793,2.84933,2.247701,4.37682,1.441339,3.207193,-0.809446,-0.256608,3.771502,2.616436,-0.836019,2.506237,3.875483,1.793315,3.401373,8.90159,2.487633,0.425828
LG,8.700634,-83.203632,Platymiscium curuense,Platymiscium,curuense,Placur,nFix,other,Wind,-0.412975,1.704748,-0.992342,3.310582,0.266558,-0.771031,1.212767,4.343233,-4.015351,2.114879,5.178275,-1.679365,-1.137906,2.932814,2.310084,4.406774,1.407065,2.774956,-0.721425,-0.077586,3.843047,2.864725,-0.878277,2.639057,3.851443,1.872519,3.401373,9.050736,2.73832,0.566591
LG,8.700634,-83.203632,Posoqueria latifolia,Posoqueria,latifolia,Poslat,non-fixer,animal_fleshy,Fleshy fruit,-0.575502,1.519951,-0.856934,2.895761,-0.346788,-1.035637,1.054401,1.949558,-4.377801,2.174252,5.277493,-1.401609,-1.285781,3.020383,2.125253,4.636283,1.745969,3.300376,-0.962138,-0.085319,3.507057,2.363074,-0.893995,2.363116,3.960178,1.69003,2.833213,8.841889,2.543782,0.876454
LG,8.700634,-83.203632,Pterocarpus oficinalis,Pterocarpus,officinalis,Pteoff,nFix,other,Other,-0.492592,1.757858,-0.976252,3.339248,0.34381,-0.774685,1.291856,4.293527,-3.936515,2.178282,5.226755,-1.646235,-1.150255,2.925192,2.305033,4.444696,1.360305,2.725284,-0.711553,-0.067156,3.852767,2.65102,-0.881455,2.639057,3.846624,1.87931,3.488383,8.965739,2.710944,0.556756
LG,8.700634,-83.203632,Pterygota excelsa,Pterygota,excelsa,Pteexc,non-fixer,other,Wind,-0.896293,1.611418,-0.891426,3.089781,0.05181,-0.708326,1.771344,3.526553,-4.163658,2.223075,5.26161,-1.454598,-1.118824,2.903254,2.312064,4.532451,1.617582,3.142614,-0.751818,-0.166797,3.793874,2.646175,-0.867053,2.695301,3.923168,1.591615,3.543073,9.298522,2.536054,0.623166
LG,8.700634,-83.203632,Qualea paraensis,Qualea,paraensis,Quapar,non-fixer,other,Wind,-0.688943,1.466789,-0.827113,2.830465,-0.305715,-1.002121,1.365172,2.412735,-4.405639,2.121751,5.298412,-1.451568,-1.117074,3.045597,2.15091,4.484858,1.503991,3.256502,-0.85235,-0.095167,3.715176,2.381087,-0.866912,2.433613,3.911673,1.660227,3.401197,8.158068,2.501148,0.610527
LG,8.700634,-83.203632,Ruptiliocarpon caracolito,Ruptiliocarpon,caracolito,Rupcar,non-fixer,animal,Animal,-0.627464,1.671411,-0.817585,2.875957,-0.161348,-1.164113,1.213852,2.897091,-4.413539,2.276372,5.311017,-1.445653,-1.153853,2.984183,2.118181,4.487115,1.413472,3.219064,-0.87676,-0.122737,3.755504,2.336414,-0.826922,2.363116,3.910158,1.641383,2.944073,8.460923,2.582195,0.598288
LG,8.700634,-83.203632,Samanea saman,Albizia,saman,Albsam,nFix,animal,Animal,-0.532138,1.791759,-0.999414,3.395511,0.069838,-0.865122,1.095735,4.023204,-4.126986,1.93088,5.266268,-1.665701,-0.980021,3.243684,2.369486,4.365321,1.329989,2.757895,-0.78408,-0.069486,3.818863,2.524158,-0.825406,2.451087,3.930351,1.775988,2.995732,9.134583,2.611517,0.308072
LG,8.700634,-83.203632,Schizolobium parahyba,Schizolobium,parahyba,Schpar,non-fixer,other,Wind,-0.590654,1.609438,-0.970513,3.341155,0.20359,-0.860383,1.149432,3.793152,-4.131997,1.955495,5.252521,-1.725844,-1.092165,3.183675,2.327935,4.357155,1.350627,2.818201,-0.731779,-0.071532,3.841045,2.607391,-0.886005,2.639057,3.929725,1.761976,3.295837,9.238217,2.720447,0.511071
LG,8.700634,-83.203632,Simarouba glauca,Simarouba,amara,Simama,non-fixer,animal_fleshy,Fleshy fruit,-0.746499,1.648659,-0.757411,2.957987,0.016263,-0.991307,1.258851,3.654848,-4.230136,2.198069,5.284423,-1.490333,-1.153501,2.943929,2.233945,4.529582,1.393494,3.123434,-0.832792,-0.189777,3.752083,2.361076,-0.865441,2.24071,3.932155,1.435082,3.145151,8.804221,2.584409,0.605042
LG,8.700634,-83.203632,Spondias mombin,Spondias,mombin,Spomom,non-fixer,animal_fleshy,Fleshy fruit,-0.726604,1.648659,-0.769329,2.955778,-0.03068,-0.929111,1.422209,4.006138,-4.190751,2.156755,5.381729,-1.551589,-1.049953,2.895041,2.278727,4.491162,1.44206,3.19182,-0.832938,-0.25274,3.768598,2.381087,-0.86257,2.273559,3.928942,1.438766,3.329225,9.584324,2.579689,0.50216
LG,8.700634,-83.203632,Sterculia apetala,Sterculia,apetala,Steape,non-fixer,animal,Animal,-0.895564,1.611418,-0.869305,3.018702,0.028969,-0.650088,1.762225,3.757503,-4.219633,2.216446,5.266206,-1.43557,-1.136053,2.984162,2.314487,4.518006,1.657326,3.119341,-0.777708,-0.169009,3.808626,2.65102,-0.883041,2.70203,3.917465,1.632617,3.543073,9.250656,2.505131,0.56373
LG,8.700634,-83.203632,Symphonia globulifera,Symphonia,globulifera,Symglo,non-fixer,animal_fleshy,Fleshy fruit,-0.519225,1.648659,-0.91702,2.79011,-0.236819,-1.038176,1.061571,2.891574,-4.666286,1.980404,5.08717,-1.420604,-1.120895,3.013073,2.248734,4.385946,1.475638,3.279557,-0.965289,-0.221419,3.620145,2.363074,-0.778378,2.433613,3.874546,1.251945,3.178054,8.152529,2.342752,0.565121
LG,8.700634,-83.203632,Tabebuia chrysantha,Handroanthus,chrysanthus,Hanchr,nFix,other,Wind,-0.618439,1.609438,-0.789151,3.053403,0.068646,-1.09492,1.068442,2.301558,-4.185798,2.398871,5.292702,-1.479447,-1.271532,3.08346,2.21389,4.527303,1.473115,2.935817,-0.72414,0.05955,3.640376,2.208033,-0.920059,2.152342,3.844475,1.655503,2.991221,8.770492,2.598738,0.687138
LG,8.700634,-83.203632,Tabebuia impetiginosa,Handroanthus,impetiginosus,Hanimp,nFix,other,Wind,-0.63311,1.609438,-0.771226,3.055965,0.081884,-1.052369,1.10551,2.266222,-4.19961,2.38846,5.31641,-1.473942,-1.284924,3.082459,2.194744,4.521103,1.470883,2.898576,-0.782786,0.057719,3.628175,2.208033,-0.911232,2.158365,3.84391,1.644697,2.972453,8.749077,2.611238,0.699088
LG,8.700634,-83.203632,Tachigali versicolor,Tachigali,versicolor,Tacver,nFix,other,Wind,-0.547812,1.61336,-0.97456,3.331758,0.192684,-0.830113,1.168217,3.992969,-4.15861,1.930739,5.248302,-1.724356,-1.04514,3.180825,2.341371,4.324975,1.332535,2.855819,-0.725031,-0.055993,3.817426,2.607391,-0.878859,2.639057,3.920792,1.762814,3.299474,9.214909,2.639211,0.437404
LG,8.700634,-83.203632,Terminalia amazonia,Terminalia,amazonia,Terama,non-fixer,other,Wind,-0.520559,1.589235,-0.810528,2.899291,-0.235077,-0.944176,1.325531,2.563448,-4.265598,2.101931,5.34795,-1.526685,-1.233808,2.954638,2.155687,4.469367,1.435561,3.209481,-0.816152,-0.091685,3.640524,2.336414,-0.915782,2.255618,3.913375,1.476925,3.247652,8.095654,2.542323,0.650919
LG,8.700634,-83.203632,Theobroma angustifolium,Theobroma,angustifolium,Theang,non-fixer,animal_fleshy,Fleshy fruit,-0.870331,1.629241,-0.851655,3.034104,-5.85E-04,-0.622714,1.439828,3.463543,-4.265931,2.113325,5.124352,-1.58024,-1.231276,2.992572,2.287701,4.479983,1.570303,3.133593,-0.874187,-0.217902,3.689131,2.694627,-0.852687,2.450143,3.920085,1.485512,3.238919,8.891319,2.644451,0.637074
LG,8.700634,-83.203632,Tocoyena pittieri,Tocoyena,pittieri,Tocpit,non-fixer,animal_fleshy,Fleshy fruit,-0.502443,1.609438,-0.851328,2.924265,-0.213751,-0.895022,1.073458,2.644402,-4.390734,2.083754,5.167203,-1.501851,-1.233893,3.199516,2.135443,4.579821,1.72471,3.105726,-0.908474,-0.093623,3.544198,2.3816,-0.873042,2.363116,3.960199,1.759235,2.980619,8.982176,2.55232,0.686256
LG,8.700634,-83.203632,Virola guatemalensis,Virola,guatemalensis,Virgua,non-fixer,animal_fleshy,Fleshy fruit,-0.751911,1.609438,-0.878047,2.952273,-0.152798,-1.127012,1.187597,2.963536,-4.653883,1.983334,5.089428,-1.485343,-1.068178,3.017888,2.203176,4.61792,1.54607,3.1854,-0.88838,-0.283227,3.666767,2.3816,-0.854372,2.434487,3.855136,1.720917,3.240079,8.29511,2.454117,0.549035
LG,8.700634,-83.203632,Virola koschnyi,Virola,koschnyi,Virkos,non-fixer,animal_fleshy,Fleshy fruit,-0.770041,1.609438,-0.897987,2.94575,-0.170869,-1.048686,1.206711,2.989535,-4.665897,1.984348,5.070592,-1.458842,-1.08554,2.9852,2.194812,4.61315,1.509394,3.199068,-0.884592,-0.298775,3.668104,2.382316,-0.881748,2.459589,3.847601,1.700732,3.389117,8.195169,2.505951,0.56839
LG,8.700634,-83.203632,Vitex cooperi,Vitex,cooperi,Vitcoo,non-fixer,animal_fleshy,Fleshy fruit,-0.678608,1.609438,-0.77543,3.020416,-0.034362,-1.136314,1.14664,2.139139,-4.273218,2.45517,5.293313,-1.449995,-1.300465,3.026424,2.181392,4.564522,1.481202,3.02473,-0.789321,0.018014,3.64229,2.196613,-0.907359,2.197779,3.841582,1.65184,2.892311,8.76524,2.585099,0.711193
LG,8.700634,-83.203632,Zanthoxylum setulosum,Zanthoxylum,setulosum,Zanset,non-fixer,animal,Animal,-0.634589,2.079442,-0.753584,3.087332,0.264911,-0.853801,1.337368,3.669433,-4.173862,2.253318,5.15295,-1.531113,-1.121135,2.954182,2.263725,4.402854,1.151313,2.975095,-0.807806,-0.174483,3.694842,2.383275,-0.833661,2.34327,3.922561,1.421203,3.118759,9.365681,2.633917,0.546309
LG,8.700634,-83.203632,Zygia longifolia,Zygia,longifolia,Zyglon,nFix,animal,Animal ,-0.531232,1.648659,-0.994703,3.324215,0.044277,-0.830113,1.084461,4.021481,-4.134101,1.893923,5.288241,-1.652336,-0.969981,3.254658,2.365531,4.35705,1.354311,2.83331,-0.799029,-0.050917,3.815425,2.524158,-0.804491,2.442347,3.941716,1.769915,2.995732,8.974901,2.57189,0.311189
LG,8.700634,-83.203632,Abarema,Abarema,,Aba,nFix,animal,Animal ,-0.547625432,1.617814455,-0.986321,3.340766886,0.064404159,-0.843592909,1.120661568,4.051027432,-4.116671409,1.919606295,5.319848545,-1.623938545,-1.014195318,3.235699841,2.368578205,4.405177386,1.376469545,2.841938023,-0.7902395,-0.069548455,3.858359227,2.524158,-0.81289825,2.443098636,3.934214477,1.7790635,3.00119025,9.055439227,2.578388114,0.301579727
LG,8.700634,-83.203632,Castilla,Castilla,,Cas,non-fixer,animal,Animal,-0.982749,1.609438,-1.059041,3.01946,0.244742,-0.392889,1.52978,2.559108,-4.134513,2.220546,5.366863,-1.481048,-1.146769,2.967824,2.011948,4.647592,1.571826,3.021156,-0.665961,-0.111302,3.779801,2.351028,-0.896486,2.434487,3.973851,1.519618,3.575988,9.120724,2.587136,0.665138